,Baseline,wf_current_only_s10_p12_o0_H30_wfstrict_rolling.csv,wf_current_only_s10_p16_o0_H30_wfstrict_rolling.csv,wf_current_only_s10_p20_o0_H30_wfstrict_rolling.csv,wf_current_only_s10_p8_o0_H30_wfstrict_rolling.csv,wf_current_only_s15_p12_o0_H30_wfstrict_rolling.csv,wf_current_only_s15_p16_o0_H30_wfstrict_rolling.csv,wf_current_only_s15_p20_o0_H30_wfstrict_rolling.csv,wf_current_only_s15_p8_o0_H30_wfstrict_rolling.csv,wf_current_only_s5_p12_o0_H30_wfstrict_rolling.csv,wf_current_only_s5_p16_o0_H30_wfstrict_rolling.csv,wf_current_only_s5_p20_o0_H30_wfstrict_rolling.csv,wf_current_only_s5_p8_o0_H30_wfstrict_rolling.csv,wf_current_only_s8_p12_o0_H30_wfstrict_rolling.csv,wf_current_only_s8_p16_o0_H30_wfstrict_rolling.csv,wf_current_only_s8_p20_o0_H30_wfstrict_rolling.csv,wf_current_only_s8_p8_o0_H30_wfstrict_rolling.csv
2021-05-02,0.009408,0.000000,0.000000,0.000000,0.000000,0.000000,0.000000,0.000000,0.000000,0.000000,0.000000,0.000000,0.000000,0.000000,0.000000,0.000000,0.000000
2021-05-03,0.000000,0.000000,0.000000,0.000000,0.000000,0.000000,0.000000,0.000000,0.000000,0.000000,0.000000,0.000000,0.000000,0.000000,0.000000,0.000000,0.000000
2021-05-04,0.000000,0.000000,0.000000,0.000000,0.000000,0.000000,0.000000,0.000000,0.000000,0.000000,0.000000,0.000000,0.000000,0.000000,0.000000,0.000000,0.000000
2021-05-05,0.093030,0.000000,0.000000,0.000000,0.000000,0.000000,0.000000,0.000000,0.000000,0.000000,0.000000,0.000000,0.000000,0.000000,0.000000,0.000000,0.000000
2021-05-06,0.000000,0.000000,0.000000,0.000000,0.000000,0.000000,0.000000,0.000000,0.000000,0.000000,0.000000,0.000000,0.000000,0.000000,0.000000,0.000000,0.000000
2021-05-07,-0.003606,0.000000,0.000000,0.000000,0.000000,0.000000,0.000000,0.000000,0.000000,0.000000,0.000000,0.000000,0.000000,0.000000,0.000000,0.000000,0.000000
2021-05-08,0.000000,0.000000,0.000000,0.000000,0.000000,0.000000,0.000000,0.000000,0.000000,0.000000,0.000000,0.000000,0.000000,0.000000,0.000000,0.000000,0.000000
2021-05-09,0.006361,0.000000,0.000000,0.000000,0.000000,0.000000,0.000000,0.000000,0.000000,0.000000,0.000000,0.000000,0.000000,0.000000,0.000000,0.000000,0.000000
2021-05-10,0.000000,0.000000,0.000000,0.000000,0.000000,0.000000,0.000000,0.000000,0.000000,0.000000,0.000000,0.000000,0.000000,0.000000,0.000000,0.000000,0.000000
2021-05-11,0.000000,0.000000,0.000000,0.000000,0.000000,0.000000,0.000000,0.000000,0.000000,0.000000,0.000000,0.000000,0.000000,0.000000,0.000000,0.000000,0.000000
2021-05-12,-0.132993,0.000000,0.000000,0.000000,0.000000,0.000000,0.000000,0.000000,0.000000,0.000000,0.000000,0.000000,0.000000,0.000000,0.000000,0.000000,0.000000
2021-05-13,0.000000,0.000000,0.000000,0.000000,0.000000,0.000000,0.000000,0.000000,0.000000,0.000000,0.000000,0.000000,0.000000,0.000000,0.000000,0.000000,0.000000
2021-05-14,-0.031856,0.000000,0.000000,0.000000,0.000000,0.000000,0.000000,0.000000,0.000000,0.000000,0.000000,0.000000,0.000000,0.000000,0.000000,0.000000,0.000000
2021-05-15,0.000000,0.000000,0.000000,0.000000,0.000000,0.000000,0.000000,0.000000,0.000000,0.000000,0.000000,0.000000,0.000000,0.000000,0.000000,0.000000,0.000000
2021-05-16,0.017862,0.000000,0.000000,0.000000,0.000000,0.000000,0.000000,0.000000,0.000000,0.000000,0.000000,0.000000,0.000000,0.000000,0.000000,0.000000,0.000000
2021-05-17,0.000000,0.000000,0.000000,0.000000,0.000000,0.000000,0.000000,0.000000,0.000000,0.000000,0.000000,0.000000,0.000000,0.000000,0.000000,0.000000,0.000000
2021-05-18,0.000000,0.000000,0.000000,0.000000,0.000000,0.000000,0.000000,0.000000,0.000000,0.000000,0.000000,0.000000,0.000000,0.000000,0.000000,0.000000,0.000000
2021-05-19,0.033462,0.000000,0.000000,0.000000,0.000000,0.000000,0.000000,0.000000,0.000000,0.000000,0.000000,0.000000,0.000000,0.000000,0.000000,0.000000,0.000000
2021-05-20,0.000000,0.000000,0.000000,0.000000,0.000000,0.000000,0.000000,0.000000,0.000000,0.000000,0.000000,0.000000,0.000000,0.000000,0.000000,0.000000,0.000000
2021-05-21,-0.047946,0.000000,0.000000,0.000000,0.000000,0.000000,0.000000,0.000000,0.000000,0.000000,0.000000,0.000000,0.000000,0.000000,0.000000,0.000000,0.000000
2021-05-22,0.000000,0.000000,0.000000,0.000000,0.000000,0.000000,0.000000,0.000000,0.000000,0.000000,0.000000,0.000000,0.000000,0.000000,0.000000,0.000000,0.000000
2021-05-23,0.069707,0.000000,0.000000,0.000000,0.000000,0.000000,0.000000,0.000000,0.000000,0.000000,0.000000,0.000000,0.000000,0.000000,0.000000,0.000000,0.000000
2021-05-24,0.000000,0.000000,0.000000,0.000000,0.000000,0.000000,0.000000,0.000000,0.000000,0.000000,0.000000,0.000000,0.000000,0.000000,0.000000,0.000000,0.000000
2021-05-25,0.000000,0.000000,0.000000,0.000000,0.000000,0.000000,0.000000,0.000000,0.000000,0.000000,0.000000,0.000000,0.000000,0.000000,0.000000,0.000000,0.000000
2021-05-26,-0.004230,0.000000,0.000000,0.000000,0.000000,0.000000,0.000000,0.000000,0.000000,0.000000,0.000000,0.000000,0.000000,0.000000,0.000000,0.000000,0.000000
2021-05-27,0.000000,0.000000,0.000000,0.000000,0.000000,0.000000,0.000000,0.000000,0.000000,0.000000,0.000000,0.000000,0.000000,0.000000,0.000000,0.000000,0.000000
2021-05-28,0.081840,0.000000,0.000000,0.000000,0.000000,0.000000,0.000000,0.000000,0.000000,0.040920,0.040920,0.040920,-0.040920,0.000000,0.000000,0.000000,0.000000
2021-05-29,0.000000,0.000000,0.000000,0.000000,0.000000,0.000000,0.000000,0.000000,0.000000,0.000000,0.000000,0.000000,0.000000,0.000000,0.000000,0.000000,0.000000
2021-05-30,0.081273,0.000000,0.000000,0.000000,0.000000,0.000000,0.000000,0.000000,0.000000,0.040636,0.040636,0.040636,-0.040636,0.000000,0.000000,0.000000,0.000000
2021-05-31,0.000000,0.000000,0.000000,0.000000,0.000000,0.000000,0.000000,0.000000,0.000000,0.000000,0.000000,0.000000,0.000000,0.000000,0.000000,0.000000,0.000000
2021-06-01,0.000000,0.000000,0.000000,0.000000,0.000000,0.000000,0.000000,0.000000,0.000000,0.000000,0.000000,0.000000,0.000000,0.000000,0.000000,0.000000,0.000000
2021-06-02,0.005506,0.000000,0.000000,0.000000,0.000000,0.000000,0.000000,0.000000,0.000000,0.002753,0.002753,0.002753,-0.002753,0.000000,0.000000,0.000000,0.000000
2021-06-03,0.000000,0.000000,0.000000,0.000000,0.000000,0.000000,0.000000,0.000000,0.000000,0.000000,0.000000,0.000000,0.000000,0.000000,0.000000,0.000000,0.000000
2021-06-04,-0.039050,0.000000,0.000000,0.000000,0.000000,0.000000,0.000000,0.000000,0.000000,-0.019525,-0.019525,-0.019525,0.021694,0.000000,0.000000,0.000000,0.000000
2021-06-05,0.000000,0.000000,0.000000,0.000000,0.000000,0.000000,0.000000,0.000000,0.000000,0.000000,0.000000,0.000000,0.000000,0.000000,0.000000,0.000000,0.000000
2021-06-06,0.020882,0.000000,0.000000,0.000000,0.000000,0.000000,0.000000,0.000000,0.000000,0.010441,0.010441,0.010441,-0.010441,0.000000,0.000000,0.000000,0.000000
2021-06-07,0.000000,0.000000,0.000000,0.000000,0.000000,0.000000,0.000000,0.000000,0.000000,0.000000,0.000000,0.000000,0.000000,0.000000,0.000000,0.000000,0.000000
2021-06-08,0.000000,0.000000,0.000000,0.000000,0.000000,0.000000,0.000000,0.000000,0.000000,0.000000,0.000000,0.000000,0.000000,0.000000,0.000000,0.000000,0.000000
2021-06-09,-0.006142,0.000000,0.000000,0.000000,0.000000,0.000000,0.000000,0.000000,0.000000,-0.005859,-0.005859,-0.005859,-0.007955,0.000000,0.000000,0.000000,0.000000
2021-06-10,0.000000,0.000000,0.000000,0.000000,0.000000,0.000000,0.000000,0.000000,0.000000,0.000000,0.000000,0.000000,0.000000,0.000000,0.000000,0.000000,0.000000
2021-06-11,-0.008826,0.000000,0.000000,0.000000,0.000000,0.000000,0.000000,0.000000,0.000000,-0.005042,-0.005042,-0.005042,0.000000,0.000000,0.000000,0.000000,0.000000
2021-06-12,0.000000,0.000000,0.000000,0.000000,0.000000,0.000000,0.000000,0.000000,0.000000,0.000000,0.000000,0.000000,0.000000,0.000000,0.000000,0.000000,0.000000
2021-06-13,0.030207,0.000000,0.000000,0.000000,0.000000,0.000000,0.000000,0.000000,0.000000,0.008805,0.008805,0.008805,0.000000,0.000000,0.000000,0.000000,0.000000
2021-06-14,0.000000,0.000000,0.000000,0.000000,0.000000,0.000000,0.000000,0.000000,0.000000,0.000000,0.000000,0.000000,0.000000,0.000000,0.000000,0.000000,0.000000
2021-06-15,0.000000,0.000000,0.000000,0.000000,0.000000,0.000000,0.000000,0.000000,0.000000,0.000000,0.000000,0.000000,0.000000,0.000000,0.000000,0.000000,0.000000
2021-06-16,0.016755,0.000000,0.000000,0.000000,0.000000,0.000000,0.000000,0.000000,0.000000,0.005684,0.005684,0.000000,0.000000,0.000000,0.000000,0.000000,0.000000
2021-06-17,0.000000,0.000000,0.000000,0.000000,0.000000,0.000000,0.000000,0.000000,0.000000,0.000000,0.000000,0.000000,0.000000,0.000000,0.000000,0.000000,0.000000
2021-06-18,0.022077,0.000000,0.000000,0.000000,0.000000,0.000000,0.000000,0.000000,0.000000,0.008638,0.008638,-0.010396,-0.010396,0.000000,0.000000,0.000000,0.000000
2021-06-19,0.000000,0.000000,0.000000,0.000000,0.000000,0.000000,0.000000,0.000000,0.000000,0.000000,0.000000,0.000000,0.000000,0.000000,0.000000,0.000000,0.000000
2021-06-20,-0.045124,0.000000,0.000000,0.000000,0.000000,0.000000,0.000000,0.000000,0.000000,-0.022562,-0.022562,0.022562,0.022562,0.000000,0.000000,0.000000,0.000000
2021-06-21,0.000000,0.000000,0.000000,0.000000,0.000000,0.000000,0.000000,0.000000,0.000000,0.000000,0.000000,0.000000,0.000000,0.000000,0.000000,0.000000,0.000000
2021-06-22,0.000000,0.000000,0.000000,0.000000,0.000000,0.000000,0.000000,0.000000,0.000000,0.000000,0.000000,0.000000,0.000000,0.000000,0.000000,0.000000,0.000000
2021-06-23,0.024880,0.000000,0.000000,0.000000,0.000000,0.000000,0.000000,0.000000,0.000000,0.012440,0.012440,0.012440,0.012440,0.000000,0.000000,0.000000,0.000000
2021-06-24,0.000000,0.000000,0.000000,0.000000,0.000000,0.000000,0.000000,0.000000,0.000000,0.000000,0.000000,0.000000,0.000000,0.000000,0.000000,0.000000,0.000000
2021-06-25,-0.018813,0.000000,0.000000,0.000000,0.000000,0.000000,0.000000,0.000000,0.000000,-0.008595,-0.008595,-0.008595,-0.008595,0.000000,0.000000,0.000000,0.000000
2021-06-26,0.000000,0.000000,0.000000,0.000000,0.000000,0.000000,0.000000,0.000000,0.000000,0.000000,0.000000,0.000000,0.000000,0.000000,0.000000,0.000000,0.000000
2021-06-27,0.020612,0.000000,0.000000,0.000000,0.000000,0.000000,0.000000,0.000000,0.000000,0.010306,0.010306,0.010306,-0.007730,0.000000,0.000000,0.000000,0.000000
2021-06-28,0.000000,0.000000,0.000000,0.000000,0.000000,0.000000,0.000000,0.000000,0.000000,0.000000,0.000000,0.000000,0.000000,0.000000,0.000000,0.000000,0.000000
2021-06-29,0.000000,0.000000,0.000000,0.000000,0.000000,0.000000,0.000000,0.000000,0.000000,0.000000,0.000000,0.000000,0.000000,0.000000,0.000000,0.000000,0.000000
2021-06-30,-0.048911,0.000000,0.000000,0.000000,0.000000,0.000000,0.000000,0.000000,0.000000,-0.006377,-0.006377,-0.006377,-0.025740,0.000000,0.000000,0.000000,0.000000
2021-07-01,0.000000,0.000000,0.000000,0.000000,0.000000,0.000000,0.000000,0.000000,0.000000,0.000000,0.000000,0.000000,0.000000,0.000000,0.000000,0.000000,0.000000
2021-07-02,-0.058728,0.000000,0.000000,0.000000,0.000000,0.000000,0.000000,0.000000,0.000000,-0.020335,-0.020335,-0.020335,0.033916,0.000000,0.000000,0.000000,0.000000
2021-07-03,0.000000,0.000000,0.000000,0.000000,0.000000,0.000000,0.000000,0.000000,0.000000,0.000000,0.000000,0.000000,0.000000,0.000000,0.000000,0.000000,0.000000
2021-07-04,-0.017004,0.000000,0.000000,0.000000,0.000000,0.000000,0.000000,0.000000,0.000000,-0.007445,-0.007445,-0.007445,0.010646,0.000000,0.000000,0.000000,0.000000
2021-07-05,0.000000,0.000000,0.000000,0.000000,0.000000,0.000000,0.000000,0.000000,0.000000,0.000000,0.000000,0.000000,0.000000,0.000000,0.000000,0.000000,0.000000
2021-07-06,0.000000,0.000000,0.000000,0.000000,0.000000,0.000000,0.000000,0.000000,0.000000,0.000000,0.000000,0.000000,0.000000,0.000000,0.000000,0.000000,0.000000
2021-07-07,0.023478,0.000000,0.000000,0.000000,0.000000,0.000000,0.000000,0.000000,0.000000,0.012032,0.012032,0.012032,0.012032,0.000000,0.000000,0.000000,0.000000
2021-07-08,0.000000,0.000000,0.000000,0.000000,0.000000,0.000000,0.000000,0.000000,0.000000,0.000000,0.000000,0.000000,0.000000,0.000000,0.000000,0.000000,0.000000
2021-07-09,-0.072221,0.000000,0.000000,0.000000,0.000000,0.000000,0.000000,0.000000,0.000000,-0.036110,-0.036110,-0.036110,-0.036110,0.000000,0.000000,0.000000,0.000000
2021-07-10,0.000000,0.000000,0.000000,0.000000,0.000000,0.000000,0.000000,0.000000,0.000000,0.000000,0.000000,0.000000,0.000000,0.000000,0.000000,0.000000,0.000000
2021-07-11,0.007701,0.000000,0.000000,0.000000,0.000000,0.000000,0.000000,0.000000,0.000000,0.002224,0.002224,0.002224,0.002224,0.000000,0.000000,0.000000,0.000000
2021-07-12,0.000000,0.000000,0.000000,0.000000,0.000000,0.000000,0.000000,0.000000,0.000000,0.000000,0.000000,0.000000,0.000000,0.000000,0.000000,0.000000,0.000000
2021-07-13,0.000000,0.000000,0.000000,0.000000,0.000000,0.000000,0.000000,0.000000,0.000000,0.000000,0.000000,0.000000,0.000000,0.000000,0.000000,0.000000,0.000000
2021-07-14,0.023978,0.000000,0.000000,0.000000,0.000000,0.000000,0.000000,0.000000,0.000000,0.011989,0.011989,0.011989,0.011989,0.000000,0.000000,0.000000,0.000000
2021-07-15,0.000000,0.000000,0.000000,0.000000,0.000000,0.000000,0.000000,0.000000,0.000000,0.000000,0.000000,0.000000,0.000000,0.000000,0.000000,0.000000,0.000000
2021-07-16,-0.019064,0.000000,0.000000,0.000000,0.000000,0.000000,0.000000,0.000000,0.000000,-0.005528,-0.005528,-0.005528,-0.005528,0.000000,0.000000,0.000000,0.000000
2021-07-17,0.000000,0.000000,0.000000,0.000000,0.000000,0.000000,0.000000,0.000000,0.000000,0.000000,0.000000,0.000000,0.000000,0.000000,0.000000,0.000000,0.000000
2021-07-18,0.027154,0.000000,0.000000,0.000000,0.000000,0.000000,0.000000,0.000000,0.000000,0.013577,0.013577,0.013577,0.013577,0.000000,0.000000,0.000000,0.000000
2021-07-19,0.000000,0.000000,0.000000,0.000000,0.000000,0.000000,0.000000,0.000000,0.000000,0.000000,0.000000,0.000000,0.000000,0.000000,0.000000,0.000000,0.000000
2021-07-20,0.000000,0.000000,0.000000,0.000000,0.000000,0.000000,0.000000,0.000000,0.000000,0.000000,0.000000,0.000000,0.000000,0.000000,0.000000,0.000000,0.000000
2021-07-21,0.113734,0.000000,0.000000,0.000000,0.000000,0.000000,0.000000,0.000000,0.000000,0.056867,0.056867,0.056867,0.056867,0.000000,0.000000,0.000000,0.000000
2021-07-22,0.000000,0.000000,0.000000,0.000000,0.000000,0.000000,0.000000,0.000000,0.000000,0.000000,0.000000,0.000000,0.000000,0.000000,0.000000,0.000000,0.000000
2021-07-23,0.100922,0.000000,0.000000,0.000000,0.000000,0.000000,0.000000,0.000000,0.000000,0.029404,0.029404,0.029404,0.029404,0.000000,0.000000,0.000000,0.000000
2021-07-24,0.000000,0.000000,0.000000,0.000000,0.000000,0.000000,0.000000,0.000000,0.000000,0.000000,0.000000,0.000000,0.000000,0.000000,0.000000,0.000000,0.000000
2021-07-25,0.008608,0.000000,0.000000,0.000000,0.000000,0.000000,0.000000,0.000000,0.000000,0.006772,0.006772,0.006772,0.006772,0.000000,0.000000,0.000000,0.000000
2021-07-26,0.000000,0.000000,0.000000,0.000000,0.000000,0.000000,0.000000,0.000000,0.000000,0.000000,0.000000,0.000000,0.000000,0.000000,0.000000,0.000000,0.000000
2021-07-27,0.000000,0.000000,0.000000,0.000000,0.000000,0.000000,0.000000,0.000000,0.000000,0.000000,0.000000,0.000000,0.000000,0.000000,0.000000,0.000000,0.000000
2021-07-28,-0.006834,0.000000,0.000000,0.000000,0.000000,0.000000,0.000000,0.000000,0.000000,-0.003417,-0.003417,-0.003417,-0.003417,0.000000,0.000000,0.000000,0.000000
2021-07-29,0.000000,0.000000,0.000000,0.000000,0.000000,0.000000,0.000000,0.000000,0.000000,0.000000,0.000000,0.000000,0.000000,0.000000,0.000000,0.000000,0.000000
2021-07-30,-0.000097,0.000000,0.000000,0.000000,0.000000,0.000000,0.000000,0.000000,0.000000,-0.000049,-0.000049,-0.000049,-0.000049,0.000000,0.000000,0.000000,0.000000
2021-07-31,0.000000,0.000000,0.000000,0.000000,0.000000,0.000000,0.000000,0.000000,0.000000,0.000000,0.000000,0.000000,0.000000,0.000000,0.000000,0.000000,0.000000
2021-08-01,0.028164,0.000000,0.000000,0.000000,0.000000,0.000000,0.000000,0.000000,0.000000,0.014082,0.014082,0.014082,-0.014082,0.000000,0.000000,0.000000,0.000000
2021-08-02,0.000000,0.000000,0.000000,0.000000,0.000000,0.000000,0.000000,0.000000,0.000000,0.000000,0.000000,0.000000,0.000000,0.000000,0.000000,0.000000,0.000000
2021-08-03,0.000000,0.000000,0.000000,0.000000,0.000000,0.000000,0.000000,0.000000,0.000000,0.000000,0.000000,0.000000,0.000000,0.000000,0.000000,0.000000,0.000000
2021-08-04,-0.038406,0.000000,0.000000,0.000000,0.000000,0.000000,0.000000,0.000000,0.000000,-0.013230,-0.013230,-0.013230,0.012095,0.000000,0.000000,0.000000,0.000000
2021-08-05,0.000000,0.000000,0.000000,0.000000,0.000000,0.000000,0.000000,0.000000,0.000000,0.000000,0.000000,0.000000,0.000000,0.000000,0.000000,0.000000,0.000000
2021-08-06,0.024113,0.000000,0.000000,0.000000,0.000000,0.000000,0.000000,0.000000,0.000000,0.012057,0.012057,0.024113,0.012057,0.000000,0.000000,0.000000,0.000000
2021-08-07,0.000000,0.000000,0.000000,0.000000,0.000000,0.000000,0.000000,0.000000,0.000000,0.000000,0.000000,0.000000,0.000000,0.000000,0.000000,0.000000,0.000000
2021-08-08,-0.003773,0.000000,0.000000,0.000000,0.000000,0.000000,0.000000,0.000000,0.000000,-0.001886,-0.001886,-0.003773,-0.001886,0.000000,0.000000,0.000000,0.000000
2021-08-09,0.000000,0.000000,0.000000,0.000000,0.000000,0.000000,0.000000,0.000000,0.000000,0.000000,0.000000,0.000000,0.000000,0.000000,0.000000,0.000000,0.000000
2021-08-10,0.000000,0.000000,0.000000,0.000000,0.000000,0.000000,0.000000,0.000000,0.000000,0.000000,0.000000,0.000000,0.000000,0.000000,0.000000,0.000000,0.000000
2021-08-11,0.032609,0.000000,0.000000,0.000000,0.000000,0.000000,0.000000,0.000000,0.000000,0.014306,0.014306,0.028611,0.028611,0.000000,0.000000,0.000000,0.000000
2021-08-12,0.000000,0.000000,0.000000,0.000000,0.000000,0.000000,0.000000,0.000000,0.000000,0.000000,0.000000,0.000000,0.000000,0.000000,0.000000,0.000000,0.000000
2021-08-13,0.018822,0.000000,0.000000,0.000000,0.000000,0.000000,0.000000,0.000000,0.000000,0.004260,0.004260,0.008520,0.008520,0.000000,0.000000,0.000000,0.000000
2021-08-14,0.000000,0.000000,0.000000,0.000000,0.000000,0.000000,0.000000,0.000000,0.000000,0.000000,0.000000,0.000000,0.000000,0.000000,0.000000,0.000000,0.000000
2021-08-15,-0.066393,0.000000,0.000000,0.000000,0.000000,0.000000,0.000000,0.000000,0.000000,-0.033196,-0.033196,-0.033196,-0.033196,0.000000,0.000000,0.000000,0.000000
2021-08-16,0.000000,0.000000,0.000000,0.000000,0.000000,0.000000,0.000000,0.000000,0.000000,0.000000,0.000000,0.000000,0.000000,0.000000,0.000000,0.000000,0.000000
2021-08-17,0.000000,0.000000,0.000000,0.000000,0.000000,0.000000,0.000000,0.000000,0.000000,0.000000,0.000000,0.000000,0.000000,0.000000,0.000000,0.000000,0.000000
2021-08-18,0.136474,0.000000,0.000000,0.000000,0.000000,0.000000,0.000000,0.000000,0.000000,0.068237,0.068237,0.068237,0.068237,0.000000,0.000000,0.000000,0.000000
2021-08-19,0.000000,0.000000,0.000000,0.000000,0.000000,0.000000,0.000000,0.000000,0.000000,0.000000,0.000000,0.000000,0.000000,0.000000,0.000000,0.000000,0.000000
2021-08-20,0.048019,0.000000,0.000000,0.000000,0.000000,0.000000,0.000000,0.000000,0.000000,0.048019,0.048019,0.024009,0.024009,0.000000,0.000000,0.000000,0.000000
2021-08-21,0.000000,0.000000,0.000000,0.000000,0.000000,0.000000,0.000000,0.000000,0.000000,0.000000,0.000000,0.000000,0.000000,0.000000,0.000000,0.000000,0.000000
2021-08-22,-0.007970,0.000000,0.000000,0.000000,0.000000,0.000000,0.000000,0.000000,0.000000,-0.006727,-0.006727,-0.003364,-0.003364,0.006727,0.006727,-0.003364,0.003740
2021-08-23,0.000000,0.000000,0.000000,0.000000,0.000000,0.000000,0.000000,0.000000,0.000000,0.000000,0.000000,0.000000,0.000000,0.000000,0.000000,0.000000,0.000000
2021-08-24,0.000000,0.000000,0.000000,0.000000,0.000000,0.000000,0.000000,0.000000,0.000000,0.000000,0.000000,0.000000,0.000000,0.000000,0.000000,0.000000,0.000000
2021-08-25,-0.053172,0.000000,0.000000,0.000000,0.000000,0.000000,0.000000,0.000000,0.000000,-0.053172,-0.053172,-0.026586,-0.026586,0.053172,0.053172,-0.026586,0.026586
2021-08-26,0.000000,0.000000,0.000000,0.000000,0.000000,0.000000,0.000000,0.000000,0.000000,0.000000,0.000000,0.000000,0.000000,0.000000,0.000000,0.000000,0.000000
2021-08-27,-0.041562,0.000000,0.000000,0.000000,0.000000,0.000000,0.000000,0.000000,0.000000,-0.041562,-0.041562,-0.020781,-0.020781,0.041562,0.041562,-0.020781,0.020781
2021-08-28,0.000000,0.000000,0.000000,0.000000,0.000000,0.000000,0.000000,0.000000,0.000000,0.000000,0.000000,0.000000,0.000000,0.000000,0.000000,0.000000,0.000000
2021-08-29,0.098989,0.000000,0.000000,0.000000,0.000000,0.000000,0.000000,0.000000,0.000000,0.098989,0.098989,0.049494,0.049494,-0.098989,-0.098989,0.049494,-0.037121
2021-08-30,0.000000,0.000000,0.000000,0.000000,0.000000,0.000000,0.000000,0.000000,0.000000,0.000000,0.000000,0.000000,0.000000,0.000000,0.000000,0.000000,0.000000
2021-08-31,0.000000,0.000000,0.000000,0.000000,0.000000,0.000000,0.000000,0.000000,0.000000,0.000000,0.000000,0.000000,0.000000,0.000000,0.000000,0.000000,0.000000
2021-09-01,-0.000255,0.000000,0.000000,0.000000,0.000000,0.000000,0.000000,0.000000,0.000000,-0.000255,-0.000255,-0.000127,-0.000127,0.000255,0.000127,-0.000127,0.000127
2021-09-02,0.000000,0.000000,0.000000,0.000000,0.000000,0.000000,0.000000,0.000000,0.000000,0.000000,0.000000,0.000000,0.000000,0.000000,0.000000,0.000000,0.000000
2021-09-03,0.033506,0.000000,0.000000,0.000000,0.000000,0.000000,0.000000,0.000000,0.000000,0.033506,0.033506,0.016753,0.016753,-0.033506,-0.016753,0.016753,-0.016753
2021-09-04,0.000000,0.000000,0.000000,0.000000,0.000000,0.000000,0.000000,0.000000,0.000000,0.000000,0.000000,0.000000,0.000000,0.000000,0.000000,0.000000,0.000000
2021-09-05,-0.007737,0.000000,0.000000,0.000000,0.000000,0.000000,0.000000,0.000000,0.000000,-0.007737,-0.007737,-0.003868,-0.003868,0.007737,0.003868,-0.003868,0.003868
2021-09-06,0.000000,0.000000,0.000000,0.000000,0.000000,0.000000,0.000000,0.000000,0.000000,0.000000,0.000000,0.000000,0.000000,0.000000,0.000000,0.000000,0.000000
2021-09-07,0.000000,0.000000,0.000000,0.000000,0.000000,0.000000,0.000000,0.000000,0.000000,0.000000,0.000000,0.000000,0.000000,0.000000,0.000000,0.000000,0.000000
2021-09-08,0.082353,0.000000,0.000000,0.000000,0.000000,0.000000,0.000000,0.000000,0.000000,0.082353,0.082353,0.041176,0.041176,-0.041176,-0.041176,0.041176,-0.041176
2021-09-09,0.000000,0.000000,0.000000,0.000000,0.000000,0.000000,0.000000,0.000000,0.000000,0.000000,0.000000,0.000000,0.000000,0.000000,0.000000,0.000000,0.000000
2021-09-10,-0.041431,0.000000,0.000000,0.000000,0.000000,0.000000,0.000000,0.000000,0.000000,-0.041431,-0.041431,-0.020715,-0.020715,0.020715,0.020715,-0.020715,0.020715
2021-09-11,0.000000,0.000000,0.000000,0.000000,0.000000,0.000000,0.000000,0.000000,0.000000,0.000000,0.000000,0.000000,0.000000,0.000000,0.000000,0.000000,0.000000
2021-09-12,-0.072771,0.000000,0.000000,0.000000,0.000000,0.000000,0.000000,0.000000,0.000000,-0.072771,-0.072771,-0.036386,-0.036386,0.036386,0.036386,-0.036386,0.036386
2021-09-13,0.000000,0.000000,0.000000,0.000000,0.000000,0.000000,0.000000,0.000000,0.000000,0.000000,0.000000,0.000000,0.000000,0.000000,0.000000,0.000000,0.000000
2021-09-14,0.000000,0.000000,0.000000,0.000000,0.000000,0.000000,0.000000,0.000000,0.000000,0.000000,0.000000,0.000000,0.000000,0.000000,0.000000,0.000000,0.000000
2021-09-15,-0.025063,0.000000,0.000000,0.000000,0.000000,0.000000,0.000000,0.000000,0.000000,-0.025063,-0.025063,0.012531,-0.012531,0.025063,0.025063,-0.012531,0.012531
2021-09-16,0.000000,0.000000,0.000000,0.000000,0.000000,0.000000,0.000000,0.000000,0.000000,0.000000,0.000000,0.000000,0.000000,0.000000,0.000000,0.000000,0.000000
2021-09-17,0.010033,0.000000,0.000000,0.000000,0.000000,0.000000,0.000000,0.000000,0.000000,0.010033,0.010033,-0.005016,0.005016,-0.010033,-0.010033,0.005016,-0.005016
2021-09-18,0.000000,0.000000,0.000000,0.000000,0.000000,0.000000,0.000000,0.000000,0.000000,0.000000,0.000000,0.000000,0.000000,0.000000,0.000000,0.000000,0.000000
2021-09-19,-0.019261,0.000000,0.000000,0.000000,0.000000,0.000000,0.000000,0.000000,0.000000,0.015504,0.015504,0.007752,0.007752,-0.015504,-0.015504,0.007752,-0.015470
2021-09-20,0.000000,0.000000,0.000000,0.000000,0.000000,0.000000,0.000000,0.000000,0.000000,0.000000,0.000000,0.000000,0.000000,0.000000,0.000000,0.000000,0.000000
2021-09-21,0.000000,0.000000,0.000000,0.000000,0.000000,0.000000,0.000000,0.000000,0.000000,0.000000,0.000000,0.000000,0.000000,0.000000,0.000000,0.000000,0.000000
2021-09-22,0.083604,0.000000,0.000000,0.000000,0.000000,0.000000,0.000000,0.000000,0.000000,0.083604,0.083604,0.041802,0.041802,-0.083604,-0.083604,0.041802,-0.041802
2021-09-23,0.000000,0.000000,0.000000,0.000000,0.000000,0.000000,0.000000,0.000000,0.000000,0.000000,0.000000,0.000000,0.000000,0.000000,0.000000,0.000000,0.000000
2021-09-24,-0.051293,0.000000,0.000000,0.000000,0.000000,0.000000,0.000000,0.000000,0.000000,-0.024332,-0.048664,-0.024332,-0.024332,-0.016629,-0.016629,-0.048664,0.016629
2021-09-25,0.000000,0.000000,0.000000,0.000000,0.000000,0.000000,0.000000,0.000000,0.000000,0.000000,0.000000,0.000000,0.000000,0.000000,0.000000,0.000000,0.000000
2021-09-26,0.014337,0.000000,0.000000,0.000000,0.000000,0.000000,0.000000,0.000000,0.000000,0.007169,0.014337,0.007169,0.007169,0.007169,0.007169,0.014337,-0.007169
2021-09-27,0.000000,0.000000,0.000000,0.000000,0.000000,0.000000,0.000000,0.000000,0.000000,0.000000,0.000000,0.000000,0.000000,0.000000,0.000000,0.000000,0.000000
2021-09-28,0.000000,0.000000,0.000000,0.000000,0.000000,0.000000,0.000000,0.000000,0.000000,0.000000,0.000000,0.000000,0.000000,0.000000,0.000000,0.000000,0.000000
2021-09-29,0.033191,0.000000,0.000000,0.000000,0.000000,0.000000,0.000000,0.000000,0.000000,0.033191,0.016596,-0.016596,0.016596,0.016596,0.016596,0.033191,-0.016596
2021-09-30,0.000000,0.000000,0.000000,0.000000,0.000000,0.000000,0.000000,0.000000,0.000000,0.000000,0.000000,0.000000,0.000000,0.000000,0.000000,0.000000,0.000000
2021-10-01,-0.091451,0.000000,0.000000,0.000000,0.000000,0.000000,0.000000,0.000000,0.000000,-0.091451,-0.045726,0.045726,-0.045726,0.091451,0.045726,-0.091451,0.045726
2021-10-02,0.000000,0.000000,0.000000,0.000000,0.000000,0.000000,0.000000,0.000000,0.000000,0.000000,0.000000,0.000000,0.000000,0.000000,0.000000,0.000000,0.000000
2021-10-03,-0.076510,0.000000,0.000000,0.000000,0.000000,0.000000,0.000000,0.000000,0.000000,-0.076510,-0.038255,0.038255,-0.038255,0.076510,0.038255,-0.076510,0.038255
2021-10-04,0.000000,0.000000,0.000000,0.000000,0.000000,0.000000,0.000000,0.000000,0.000000,0.000000,0.000000,0.000000,0.000000,0.000000,0.000000,0.000000,0.000000
2021-10-05,0.000000,0.000000,0.000000,0.000000,0.000000,0.000000,0.000000,0.000000,0.000000,0.000000,0.000000,0.000000,0.000000,0.000000,0.000000,0.000000,0.000000
2021-10-06,0.022578,0.000000,0.000000,0.000000,0.000000,0.000000,0.000000,0.000000,0.000000,0.022399,0.011199,0.011199,0.011199,-0.022399,-0.011199,0.022399,-0.007948
2021-10-07,0.000000,0.000000,0.000000,0.000000,0.000000,0.000000,0.000000,0.000000,0.000000,0.000000,0.000000,0.000000,0.000000,0.000000,0.000000,0.000000,0.000000
2021-10-08,0.015839,0.000000,0.000000,0.000000,0.000000,0.000000,0.000000,0.000000,0.000000,0.029842,0.014921,0.014921,0.014921,-0.029842,-0.014921,0.029842,-0.014659
2021-10-09,0.000000,0.000000,0.000000,0.000000,0.000000,0.000000,0.000000,0.000000,0.000000,0.000000,0.000000,0.000000,0.000000,0.000000,0.000000,0.000000,0.000000
2021-10-10,0.036234,0.000000,0.000000,0.000000,0.000000,0.000000,0.000000,0.000000,0.000000,0.017966,0.017966,0.017966,0.035932,-0.017966,-0.017966,0.017966,0.017966
2021-10-11,0.000000,0.000000,0.000000,0.000000,0.000000,0.000000,0.000000,0.000000,0.000000,0.000000,0.000000,0.000000,0.000000,0.000000,0.000000,0.000000,0.000000
2021-10-12,0.000000,0.000000,0.000000,0.000000,0.000000,0.000000,0.000000,0.000000,0.000000,0.000000,0.000000,0.000000,0.000000,0.000000,0.000000,0.000000,0.000000
2021-10-13,0.003048,0.000000,0.000000,0.000000,0.000000,0.000000,0.000000,0.000000,0.000000,-0.017892,-0.017892,-0.017892,-0.035785,0.017892,0.017892,-0.017892,-0.017892
2021-10-14,0.000000,0.000000,0.000000,0.000000,0.000000,0.000000,0.000000,0.000000,0.000000,0.000000,0.000000,0.000000,0.000000,0.000000,0.000000,0.000000,0.000000
2021-10-15,0.039240,0.000000,0.000000,0.000000,0.000000,0.000000,0.000000,0.000000,0.000000,0.019634,0.019634,0.019634,0.019634,-0.019634,-0.019634,0.019634,0.019634
2021-10-16,0.000000,0.000000,0.000000,0.000000,0.000000,0.000000,0.000000,0.000000,0.000000,0.000000,0.000000,0.000000,0.000000,0.000000,0.000000,0.000000,0.000000
2021-10-17,-0.006138,0.000000,0.000000,0.000000,0.000000,0.000000,0.000000,0.000000,0.000000,-0.003069,-0.003069,-0.003069,-0.003069,0.003069,0.003069,-0.003069,-0.003069
2021-10-18,0.000000,0.000000,0.000000,0.000000,0.000000,0.000000,0.000000,0.000000,0.000000,0.000000,0.000000,0.000000,0.000000,0.000000,0.000000,0.000000,0.000000
2021-10-19,0.000000,0.000000,0.000000,0.000000,0.000000,0.000000,0.000000,0.000000,0.000000,0.000000,0.000000,0.000000,0.000000,0.000000,0.000000,0.000000,0.000000
2021-10-20,-0.015919,0.008010,0.008010,-0.004005,0.004005,0.000000,0.000000,0.000000,0.000000,-0.004005,0.000601,-0.004005,-0.004005,0.004005,0.004005,-0.004005,-0.004005
2021-10-21,0.000000,0.000000,0.000000,0.000000,0.000000,0.000000,0.000000,0.000000,0.000000,0.000000,0.000000,0.000000,0.000000,0.000000,0.000000,0.000000,0.000000
2021-10-22,0.031108,-0.017930,-0.017930,0.008965,-0.008965,0.000000,0.000000,0.000000,0.000000,0.008965,-0.002639,0.008965,0.008965,-0.008965,-0.008965,0.008965,0.008965
2021-10-23,0.000000,0.000000,0.000000,0.000000,0.000000,0.000000,0.000000,0.000000,0.000000,0.000000,0.000000,0.000000,0.000000,0.000000,0.000000,0.000000,0.000000
2021-10-24,0.010017,-0.010017,-0.010017,0.005009,-0.005009,0.000000,0.000000,0.000000,0.000000,0.005009,-0.005009,-0.005009,0.005009,-0.005009,-0.005009,0.005009,0.005009
2021-10-25,0.000000,0.000000,0.000000,0.000000,0.000000,0.000000,0.000000,0.000000,0.000000,0.000000,0.000000,0.000000,0.000000,0.000000,0.000000,0.000000,0.000000
2021-10-26,0.000000,0.000000,0.000000,0.000000,0.000000,0.000000,0.000000,0.000000,0.000000,0.000000,0.000000,0.000000,0.000000,0.000000,0.000000,0.000000,0.000000
2021-10-27,-0.035786,0.035786,0.035786,-0.017893,0.017893,0.000000,0.000000,0.000000,0.000000,-0.017893,0.017893,0.017893,-0.017893,0.017893,0.017893,-0.017893,-0.017893
2021-10-28,0.000000,0.000000,0.000000,0.000000,0.000000,0.000000,0.000000,0.000000,0.000000,0.000000,0.000000,0.000000,0.000000,0.000000,0.000000,0.000000,0.000000
2021-10-29,-0.071155,0.071155,0.071155,-0.035577,0.035577,0.000000,0.000000,0.000000,0.000000,-0.035577,0.035577,0.035577,-0.035577,0.035577,0.035577,-0.035577,-0.035577
2021-10-30,0.000000,0.000000,0.000000,0.000000,0.000000,0.000000,0.000000,0.000000,0.000000,0.000000,0.000000,0.000000,0.000000,0.000000,0.000000,0.000000,0.000000
2021-10-31,-0.053320,0.053320,0.053320,-0.026660,0.026660,0.000000,0.000000,0.000000,0.000000,-0.026660,0.026660,0.026660,-0.026660,0.026660,0.026660,-0.026660,-0.026660
2021-11-01,0.000000,0.000000,0.000000,0.000000,0.000000,0.000000,0.000000,0.000000,0.000000,0.000000,0.000000,0.000000,0.000000,0.000000,0.000000,0.000000,0.000000
2021-11-02,0.000000,0.000000,0.000000,0.000000,0.000000,0.000000,0.000000,0.000000,0.000000,0.000000,0.000000,0.000000,0.000000,0.000000,0.000000,0.000000,0.000000
2021-11-03,0.009732,-0.008437,-0.008437,0.004218,-0.004218,0.000000,0.000000,0.000000,0.000000,0.004218,0.004218,0.000000,0.004218,-0.004218,-0.004218,0.004218,0.004218
2021-11-04,0.000000,0.000000,0.000000,0.000000,0.000000,0.000000,0.000000,0.000000,0.000000,0.000000,0.000000,0.000000,0.000000,0.000000,0.000000,0.000000,0.000000
2021-11-05,-0.058491,0.040507,0.040507,-0.020254,0.020254,0.000000,0.000000,0.000000,0.000000,-0.020254,-0.020254,0.000000,-0.020254,0.020254,0.020254,-0.020254,-0.020254
2021-11-06,0.000000,0.000000,0.000000,0.000000,0.000000,0.000000,0.000000,0.000000,0.000000,0.000000,0.000000,0.000000,0.000000,0.000000,0.000000,0.000000,0.000000
2021-11-07,-0.018218,0.017461,0.017461,-0.008731,0.008731,0.000000,0.000000,0.000000,0.000000,-0.008731,-0.008731,0.008438,-0.008731,0.008731,0.008731,-0.008731,-0.008731
2021-11-08,0.000000,0.000000,0.000000,0.000000,0.000000,0.000000,0.000000,0.000000,0.000000,0.000000,0.000000,0.000000,0.000000,0.000000,0.000000,0.000000,0.000000
2021-11-09,0.000000,0.000000,0.000000,0.000000,0.000000,0.000000,0.000000,0.000000,0.000000,0.000000,0.000000,0.000000,0.000000,0.000000,0.000000,0.000000,0.000000
2021-11-10,-0.022541,0.022541,0.022541,-0.011270,0.011270,0.000000,0.000000,0.000000,0.000000,-0.011270,-0.011270,-0.011270,-0.022541,0.011270,0.011270,-0.011270,-0.011270
2021-11-11,0.000000,0.000000,0.000000,0.000000,0.000000,0.000000,0.000000,0.000000,0.000000,0.000000,0.000000,0.000000,0.000000,0.000000,0.000000,0.000000,0.000000
2021-11-12,0.001764,-0.001764,-0.001764,0.000882,-0.000882,0.000000,0.000000,0.000000,0.000000,0.000882,0.000882,0.000882,0.001764,-0.000882,-0.000882,0.000882,0.000882
2021-11-13,0.000000,0.000000,0.000000,0.000000,0.000000,0.000000,0.000000,0.000000,0.000000,0.000000,0.000000,0.000000,0.000000,0.000000,0.000000,0.000000,0.000000
2021-11-14,0.011601,-0.011601,-0.011601,0.005801,-0.005801,0.000000,0.000000,0.000000,0.000000,0.005801,0.005801,0.005801,0.011601,-0.005801,-0.005801,0.005801,0.005801
2021-11-15,0.000000,0.000000,0.000000,0.000000,0.000000,0.000000,0.000000,0.000000,0.000000,0.000000,0.000000,0.000000,0.000000,0.000000,0.000000,0.000000,0.000000
2021-11-16,0.000000,0.000000,0.000000,0.000000,0.000000,0.000000,0.000000,0.000000,0.000000,0.000000,0.000000,0.000000,0.000000,0.000000,0.000000,0.000000,0.000000
2021-11-17,0.001329,-0.001329,-0.001329,0.000664,-0.000664,0.000000,0.000000,0.000000,0.000000,0.000664,0.000664,0.000664,0.001329,-0.000664,-0.000664,0.000664,0.000664
2021-11-18,0.000000,0.000000,0.000000,0.000000,0.000000,0.000000,0.000000,0.000000,0.000000,0.000000,0.000000,0.000000,0.000000,0.000000,0.000000,0.000000,0.000000
2021-11-19,0.013107,-0.013107,-0.006553,0.006553,-0.006553,0.000000,0.000000,0.000000,0.000000,0.006553,0.006553,0.006553,0.006553,-0.006553,-0.006553,0.006553,0.006553
2021-11-20,0.000000,0.000000,0.000000,0.000000,0.000000,0.000000,0.000000,0.000000,0.000000,0.000000,0.000000,0.000000,0.000000,0.000000,0.000000,0.000000,0.000000
2021-11-21,0.072363,-0.072363,-0.036182,0.036182,-0.036182,0.000000,0.000000,0.000000,0.000000,0.036182,0.036182,0.036182,0.036182,-0.036182,-0.036182,0.036182,0.036182
2021-11-22,0.000000,0.000000,0.000000,0.000000,0.000000,0.000000,0.000000,0.000000,0.000000,0.000000,0.000000,0.000000,0.000000,0.000000,0.000000,0.000000,0.000000
2021-11-23,0.000000,0.000000,0.000000,0.000000,0.000000,0.000000,0.000000,0.000000,0.000000,0.000000,0.000000,0.000000,0.000000,0.000000,0.000000,0.000000,0.000000
2021-11-24,-0.084325,0.084325,0.042162,-0.042162,0.042162,0.000000,0.000000,0.000000,0.000000,-0.042162,-0.042162,-0.042162,-0.042162,0.042162,0.042162,-0.042162,-0.042162
2021-11-25,0.000000,0.000000,0.000000,0.000000,0.000000,0.000000,0.000000,0.000000,0.000000,0.000000,0.000000,0.000000,0.000000,0.000000,0.000000,0.000000,0.000000
2021-11-26,0.019403,-0.019403,-0.009701,0.009701,-0.009701,0.000000,0.000000,0.000000,0.000000,0.009701,0.009701,0.009701,0.009701,-0.009701,-0.009701,0.019403,0.009701
2021-11-27,0.000000,0.000000,0.000000,0.000000,0.000000,0.000000,0.000000,0.000000,0.000000,0.000000,0.000000,0.000000,0.000000,0.000000,0.000000,0.000000,0.000000
2021-11-28,-0.006561,0.006561,0.003280,-0.003280,0.003280,0.000000,0.000000,0.000000,0.000000,-0.003280,-0.003280,-0.003280,-0.003280,0.003280,0.003280,-0.006561,-0.003280
2021-11-29,0.000000,0.000000,0.000000,0.000000,0.000000,0.000000,0.000000,0.000000,0.000000,0.000000,0.000000,0.000000,0.000000,0.000000,0.000000,0.000000,0.000000
2021-11-30,0.000000,0.000000,0.000000,0.000000,0.000000,0.000000,0.000000,0.000000,0.000000,0.000000,0.000000,0.000000,0.000000,0.000000,0.000000,0.000000,0.000000
2021-12-01,-0.040416,0.040416,0.020208,-0.020208,0.020208,0.000000,0.000000,0.000000,0.000000,-0.020208,-0.020208,-0.020208,-0.020208,0.020208,0.020208,-0.040416,-0.020208
2021-12-02,0.000000,0.000000,0.000000,0.000000,0.000000,0.000000,0.000000,0.000000,0.000000,0.000000,0.000000,0.000000,0.000000,0.000000,0.000000,0.000000,0.000000
2021-12-03,-0.038782,0.038782,0.019391,-0.019391,0.019391,0.000000,0.000000,0.000000,0.000000,-0.019391,-0.019391,-0.019391,-0.019391,0.019391,0.019391,-0.038782,-0.019391
2021-12-04,0.000000,0.000000,0.000000,0.000000,0.000000,0.000000,0.000000,0.000000,0.000000,0.000000,0.000000,0.000000,0.000000,0.000000,0.000000,0.000000,0.000000
2021-12-05,0.011621,-0.011621,-0.005811,0.005811,-0.005811,0.000000,0.000000,0.000000,0.000000,0.005811,0.005811,0.005811,0.005811,-0.005811,-0.005811,0.011621,0.005811
2021-12-06,0.000000,0.000000,0.000000,0.000000,0.000000,0.000000,0.000000,0.000000,0.000000,0.000000,0.000000,0.000000,0.000000,0.000000,0.000000,0.000000,0.000000
2021-12-07,0.000000,0.000000,0.000000,0.000000,0.000000,0.000000,0.000000,0.000000,0.000000,0.000000,0.000000,0.000000,0.000000,0.000000,0.000000,0.000000,0.000000
2021-12-08,0.008719,-0.008719,-0.004359,0.004359,-0.004359,0.000000,0.000000,0.000000,0.000000,0.004359,0.004359,-0.004359,0.004359,-0.004359,-0.004359,0.008719,0.004359
2021-12-09,0.000000,0.000000,0.000000,0.000000,0.000000,0.000000,0.000000,0.000000,0.000000,0.000000,0.000000,0.000000,0.000000,0.000000,0.000000,0.000000,0.000000
2021-12-10,0.004925,-0.004925,-0.002462,0.002462,-0.002462,0.000000,0.000000,0.000000,0.000000,0.002462,0.002462,-0.002189,0.002462,-0.002462,-0.002462,0.004925,0.002462
2021-12-11,0.000000,0.000000,0.000000,0.000000,0.000000,0.000000,0.000000,0.000000,0.000000,0.000000,0.000000,0.000000,0.000000,0.000000,0.000000,0.000000,0.000000
2021-12-12,0.040250,-0.040250,-0.020125,0.020125,-0.020125,0.000000,0.000000,0.000000,0.000000,0.020125,0.020125,-0.020125,0.020125,-0.020125,-0.020125,-0.020125,0.020125
2021-12-13,0.000000,0.000000,0.000000,0.000000,0.000000,0.000000,0.000000,0.000000,0.000000,0.000000,0.000000,0.000000,0.000000,0.000000,0.000000,0.000000,0.000000
2021-12-14,0.000000,0.000000,0.000000,0.000000,0.000000,0.000000,0.000000,0.000000,0.000000,0.000000,0.000000,0.000000,0.000000,0.000000,0.000000,0.000000,0.000000
2021-12-15,0.045863,-0.045863,-0.022932,0.022932,-0.022932,0.000000,0.000000,0.000000,0.000000,0.022932,0.022932,-0.022932,0.022932,-0.022932,-0.022932,-0.022932,0.022932
2021-12-16,0.000000,0.000000,0.000000,0.000000,0.000000,0.000000,0.000000,0.000000,0.000000,0.000000,0.000000,0.000000,0.000000,0.000000,0.000000,0.000000,0.000000
2021-12-17,0.015023,-0.015023,-0.007511,0.007511,-0.007511,0.000000,0.000000,0.000000,0.000000,0.007511,0.007511,-0.005634,0.007511,-0.007511,-0.007511,-0.005634,0.007511
2021-12-18,0.000000,0.000000,0.000000,0.000000,0.000000,0.000000,0.000000,0.000000,0.000000,0.000000,0.000000,0.000000,0.000000,0.000000,0.000000,0.000000,0.000000
2021-12-19,-0.006215,0.006215,0.006215,-0.003107,0.006215,0.000000,0.000000,0.000000,0.000000,-0.003107,-0.003107,-0.003107,-0.003107,0.003107,0.003107,0.003107,-0.003107
2021-12-20,0.000000,0.000000,0.000000,0.000000,0.000000,0.000000,0.000000,0.000000,0.000000,0.000000,0.000000,0.000000,0.000000,0.000000,0.000000,0.000000,0.000000
2021-12-21,0.000000,0.000000,0.000000,0.000000,0.000000,0.000000,0.000000,0.000000,0.000000,0.000000,0.000000,0.000000,0.000000,0.000000,0.000000,0.000000,0.000000
2021-12-22,0.017510,-0.017510,-0.017510,0.008755,-0.017510,0.000000,0.000000,0.000000,0.000000,0.008755,0.008755,0.008755,0.008755,0.008755,0.008755,-0.008755,0.008755
2021-12-23,0.000000,0.000000,0.000000,0.000000,0.000000,0.000000,0.000000,0.000000,0.000000,0.000000,0.000000,0.000000,0.000000,0.000000,0.000000,0.000000,0.000000
2021-12-24,-0.003197,0.003197,0.003197,-0.001599,0.003197,0.000000,0.000000,0.000000,0.000000,-0.001599,-0.001599,-0.001599,-0.001599,-0.001599,-0.001599,0.001599,-0.001599
2021-12-25,0.000000,0.000000,0.000000,0.000000,0.000000,0.000000,0.000000,0.000000,0.000000,0.000000,0.000000,0.000000,0.000000,0.000000,0.000000,0.000000,0.000000
2021-12-26,-0.011802,0.011802,0.011802,-0.005901,0.011802,0.000000,0.000000,0.000000,0.000000,-0.005901,-0.005901,-0.005901,-0.005901,-0.005901,-0.005901,0.005901,-0.005901
2021-12-27,0.000000,0.000000,0.000000,0.000000,0.000000,0.000000,0.000000,0.000000,0.000000,0.000000,0.000000,0.000000,0.000000,0.000000,0.000000,0.000000,0.000000
2021-12-28,0.000000,0.000000,0.000000,0.000000,0.000000,0.000000,0.000000,0.000000,0.000000,0.000000,0.000000,0.000000,0.000000,0.000000,0.000000,0.000000,0.000000
2021-12-29,-0.006677,0.003338,-0.003338,-0.003338,0.006677,0.000000,0.000000,0.000000,0.000000,-0.003338,-0.003338,-0.003338,0.003338,-0.003338,0.003338,0.003338,-0.003338
2021-12-30,0.000000,0.000000,0.000000,0.000000,0.000000,0.000000,0.000000,0.000000,0.000000,0.000000,0.000000,0.000000,0.000000,0.000000,0.000000,0.000000,0.000000
2021-12-31,-0.017463,0.008732,-0.008732,-0.008732,0.017463,0.000000,0.000000,0.000000,0.000000,-0.008732,-0.008732,-0.008732,0.008732,-0.008732,0.008732,0.008732,-0.008732
2022-01-01,0.000000,0.000000,0.000000,0.000000,0.000000,0.000000,0.000000,0.000000,0.000000,0.000000,0.000000,0.000000,0.000000,0.000000,0.000000,0.000000,0.000000
2022-01-02,0.000868,-0.000434,0.000434,0.000434,-0.000868,0.000000,0.000000,0.000000,0.000000,-0.000434,0.000434,-0.000434,-0.000434,0.000434,-0.000434,-0.000434,0.000434
2022-01-03,0.000000,0.000000,0.000000,0.000000,0.000000,0.000000,0.000000,0.000000,0.000000,0.000000,0.000000,0.000000,0.000000,0.000000,0.000000,0.000000,0.000000
2022-01-04,0.000000,0.000000,0.000000,0.000000,0.000000,0.000000,0.000000,0.000000,0.000000,0.000000,0.000000,0.000000,0.000000,0.000000,0.000000,0.000000,0.000000
2022-01-05,0.018205,-0.009103,0.011378,0.009103,-0.018205,0.000000,0.000000,0.000000,0.000000,-0.011378,0.009103,-0.011378,-0.011378,0.011378,0.011378,-0.011378,0.009103
2022-01-06,0.000000,0.000000,0.000000,0.000000,0.000000,0.000000,0.000000,0.000000,0.000000,0.000000,0.000000,0.000000,0.000000,0.000000,0.000000,0.000000,0.000000
2022-01-07,-0.025643,0.015849,-0.031460,-0.015849,-0.031460,0.000000,0.000000,0.000000,0.000000,-0.015849,0.031460,0.031460,-0.015849,-0.031460,-0.031460,0.031460,-0.015849
2022-01-08,0.000000,0.000000,0.000000,0.000000,0.000000,0.000000,0.000000,0.000000,0.000000,0.000000,0.000000,0.000000,0.000000,0.000000,0.000000,0.000000,0.000000
2022-01-09,0.039625,-0.012628,0.016333,0.012628,0.016333,0.000000,0.000000,0.000000,0.000000,0.012628,-0.016333,-0.016333,0.012628,0.016333,0.016333,-0.016333,0.012628
2022-01-10,0.000000,0.000000,0.000000,0.000000,0.000000,0.000000,0.000000,0.000000,0.000000,0.000000,0.000000,0.000000,0.000000,0.000000,0.000000,0.000000,0.000000
2022-01-11,0.000000,0.000000,0.000000,0.000000,0.000000,0.000000,0.000000,0.000000,0.000000,0.000000,0.000000,0.000000,0.000000,0.000000,0.000000,0.000000,0.000000
2022-01-12,0.016252,-0.008004,0.000000,0.008004,0.000000,0.000000,0.000000,0.000000,0.000000,0.008004,0.000000,0.008004,0.008004,0.000000,0.000000,0.000000,0.008004
2022-01-13,0.000000,0.000000,0.000000,0.000000,0.000000,0.000000,0.000000,0.000000,0.000000,0.000000,0.000000,0.000000,0.000000,0.000000,0.000000,0.000000,0.000000
2022-01-14,-0.002581,0.001849,-0.004012,-0.001849,-0.004012,0.000000,0.000000,0.000000,0.000000,-0.001849,0.004012,-0.001849,-0.001849,0.001849,-0.004012,0.004012,-0.001849
2022-01-15,0.000000,0.000000,0.000000,0.000000,0.000000,0.000000,0.000000,0.000000,0.000000,0.000000,0.000000,0.000000,0.000000,0.000000,0.000000,0.000000,0.000000
2022-01-16,0.058587,-0.029294,0.029294,0.029294,0.029294,0.000000,0.000000,0.000000,0.000000,0.029294,-0.029294,0.029294,0.029294,-0.029294,0.029294,-0.029294,0.029294
2022-01-17,0.000000,0.000000,0.000000,0.000000,0.000000,0.000000,0.000000,0.000000,0.000000,0.000000,0.000000,0.000000,0.000000,0.000000,0.000000,0.000000,0.000000
2022-01-18,0.000000,0.000000,0.000000,0.000000,0.000000,0.000000,0.000000,0.000000,0.000000,0.000000,0.000000,0.000000,0.000000,0.000000,0.000000,0.000000,0.000000
2022-01-19,-0.011335,0.005668,0.005668,-0.005668,0.011335,0.000000,0.000000,0.000000,0.000000,-0.005668,-0.005668,-0.005668,0.001264,0.005668,-0.001264,0.001264,-0.005668
2022-01-20,0.000000,0.000000,0.000000,0.000000,0.000000,0.000000,0.000000,0.000000,0.000000,0.000000,0.000000,0.000000,0.000000,0.000000,0.000000,0.000000,0.000000
2022-01-21,0.007780,-0.001827,-0.001827,0.001827,-0.003654,0.000000,0.000000,0.000000,0.000000,0.001827,0.001827,0.001827,-0.014694,-0.001827,0.014694,-0.014694,0.001827
2022-01-22,0.000000,0.000000,0.000000,0.000000,0.000000,0.000000,0.000000,0.000000,0.000000,0.000000,0.000000,0.000000,0.000000,0.000000,0.000000,0.000000,0.000000
2022-01-23,0.092847,-0.027571,-0.027571,0.027571,-0.055142,0.000000,0.000000,0.000000,0.000000,0.027571,0.027571,0.027571,0.027571,-0.027571,0.000000,0.000000,0.027571
2022-01-24,0.000000,0.000000,0.000000,0.000000,0.000000,0.000000,0.000000,0.000000,0.000000,0.000000,0.000000,0.000000,0.000000,0.000000,0.000000,0.000000,0.000000
2022-01-25,0.000000,0.000000,0.000000,0.000000,0.000000,0.000000,0.000000,0.000000,0.000000,0.000000,0.000000,0.000000,0.000000,0.000000,0.000000,0.000000,0.000000
2022-01-26,-0.015359,0.004034,0.004034,-0.004034,0.008068,0.000000,0.000000,0.000000,0.000000,-0.004034,-0.004034,-0.004034,-0.004034,0.004034,0.000000,0.000000,-0.004034
2022-01-27,0.000000,0.000000,0.000000,0.000000,0.000000,0.000000,0.000000,0.000000,0.000000,0.000000,0.000000,0.000000,0.000000,0.000000,0.000000,0.000000,0.000000
2022-01-28,-0.007500,0.000000,0.001792,-0.001792,0.000000,0.000000,0.000000,0.000000,0.000000,-0.001792,-0.001792,-0.001792,0.000000,0.001792,0.000000,0.000000,-0.001792
2022-01-29,0.000000,0.000000,0.000000,0.000000,0.000000,0.000000,0.000000,0.000000,0.000000,0.000000,0.000000,0.000000,0.000000,0.000000,0.000000,0.000000,0.000000
2022-01-30,-0.025381,-0.011501,0.012690,-0.012690,-0.011501,0.000000,0.000000,0.000000,0.000000,-0.012690,-0.012690,-0.012690,0.011501,-0.011501,-0.011501,0.011501,0.011501
2022-01-31,0.000000,0.000000,0.000000,0.000000,0.000000,0.000000,0.000000,0.000000,0.000000,0.000000,0.000000,0.000000,0.000000,0.000000,0.000000,0.000000,0.000000
2022-02-01,0.000000,0.000000,0.000000,0.000000,0.000000,0.000000,0.000000,0.000000,0.000000,0.000000,0.000000,0.000000,0.000000,0.000000,0.000000,0.000000,0.000000
2022-02-02,-0.031863,-0.018756,0.012077,-0.012077,-0.018756,0.000000,0.000000,0.000000,0.000000,-0.012077,-0.012077,0.018756,0.018756,-0.018756,-0.018756,0.018756,0.018756
2022-02-03,0.000000,0.000000,0.000000,0.000000,0.000000,0.000000,0.000000,0.000000,0.000000,0.000000,0.000000,0.000000,0.000000,0.000000,0.000000,0.000000,0.000000
2022-02-04,-0.005613,-0.002807,0.002807,-0.002807,-0.002807,0.000000,0.000000,0.000000,0.000000,-0.002807,-0.002807,0.002807,0.002807,-0.002807,-0.002807,0.002807,0.002807
2022-02-05,0.000000,0.000000,0.000000,0.000000,0.000000,0.000000,0.000000,0.000000,0.000000,0.000000,0.000000,0.000000,0.000000,0.000000,0.000000,0.000000,0.000000
2022-02-06,-0.019026,0.009513,0.009513,-0.009513,0.019026,0.000000,0.000000,0.000000,0.000000,-0.009513,-0.009513,0.009513,0.009513,0.009513,-0.009513,0.009513,-0.009513
2022-02-07,0.000000,0.000000,0.000000,0.000000,0.000000,0.000000,0.000000,0.000000,0.000000,0.000000,0.000000,0.000000,0.000000,0.000000,0.000000,0.000000,0.000000
2022-02-08,0.000000,0.000000,0.000000,0.000000,0.000000,0.000000,0.000000,0.000000,0.000000,0.000000,0.000000,0.000000,0.000000,0.000000,0.000000,0.000000,0.000000
2022-02-09,-0.005988,0.002994,0.002994,-0.002994,0.005988,0.000000,0.000000,0.000000,0.000000,-0.002994,-0.002994,0.002994,0.002994,0.002994,-0.002994,0.002994,-0.002994
2022-02-10,0.000000,0.000000,0.000000,0.000000,0.000000,0.000000,0.000000,0.000000,0.000000,0.000000,0.000000,0.000000,0.000000,0.000000,0.000000,0.000000,0.000000
2022-02-11,-0.027740,0.013870,0.013870,-0.013870,0.027740,0.000000,0.000000,0.000000,0.000000,-0.013870,-0.013870,-0.013870,0.013870,0.013870,-0.013870,0.013870,-0.013870
2022-02-12,0.000000,0.000000,0.000000,0.000000,0.000000,0.000000,0.000000,0.000000,0.000000,0.000000,0.000000,0.000000,0.000000,0.000000,0.000000,0.000000,0.000000
2022-02-13,0.024993,-0.010224,-0.010224,0.010224,-0.020449,0.000000,0.000000,0.000000,0.000000,0.010224,0.010224,0.010224,-0.013254,-0.010224,0.013254,-0.013254,0.010224
2022-02-14,0.000000,0.000000,0.000000,0.000000,0.000000,0.000000,0.000000,0.000000,0.000000,0.000000,0.000000,0.000000,0.000000,0.000000,0.000000,0.000000,0.000000
2022-02-15,0.000000,0.000000,0.000000,0.000000,0.000000,0.000000,0.000000,0.000000,0.000000,0.000000,0.000000,0.000000,0.000000,0.000000,0.000000,0.000000,0.000000
2022-02-16,0.019062,0.009531,0.009531,-0.009531,-0.019062,0.000000,0.000000,0.000000,0.000000,0.009531,0.009531,0.009531,-0.009531,-0.009531,-0.009531,-0.009531,-0.009531
2022-02-17,0.000000,0.000000,0.000000,0.000000,0.000000,0.000000,0.000000,0.000000,0.000000,0.000000,0.000000,0.000000,0.000000,0.000000,0.000000,0.000000,0.000000
2022-02-18,-0.002705,-0.001353,-0.001353,0.001353,0.002705,0.000000,0.000000,0.000000,0.000000,-0.001353,-0.001353,-0.001353,0.001353,0.001353,0.001353,0.001353,0.001353
2022-02-19,0.000000,0.000000,0.000000,0.000000,0.000000,0.000000,0.000000,0.000000,0.000000,0.000000,0.000000,0.000000,0.000000,0.000000,0.000000,0.000000,0.000000
2022-02-20,-0.058482,-0.029241,-0.029241,0.029241,0.058482,0.000000,0.000000,0.000000,0.000000,-0.029241,-0.029241,-0.029241,0.029241,0.029241,0.029241,0.029241,0.029241
2022-02-21,0.000000,0.000000,0.000000,0.000000,0.000000,0.000000,0.000000,0.000000,0.000000,0.000000,0.000000,0.000000,0.000000,0.000000,0.000000,0.000000,0.000000
2022-02-22,0.000000,0.000000,0.000000,0.000000,0.000000,0.000000,0.000000,0.000000,0.000000,0.000000,0.000000,0.000000,0.000000,0.000000,0.000000,0.000000,0.000000
2022-02-23,0.030449,0.015224,0.015224,-0.015224,-0.030449,0.000000,0.000000,0.000000,0.000000,0.015224,0.015224,0.015224,0.015224,0.015224,0.015224,0.015224,-0.015224
2022-02-24,0.000000,0.000000,0.000000,0.000000,0.000000,0.000000,0.000000,0.000000,0.000000,0.000000,0.000000,0.000000,0.000000,0.000000,0.000000,0.000000,0.000000
2022-02-25,-0.001870,-0.000935,-0.000935,0.000935,0.001870,0.000000,0.000000,0.000000,0.000000,-0.000935,-0.000935,-0.000935,-0.000935,-0.000935,-0.000935,-0.000935,0.000935
2022-02-26,0.000000,0.000000,0.000000,0.000000,0.000000,0.000000,0.000000,0.000000,0.000000,0.000000,0.000000,0.000000,0.000000,0.000000,0.000000,0.000000,0.000000
2022-02-27,0.025047,0.012523,0.012523,0.012523,-0.012523,0.000000,0.000000,0.000000,0.000000,0.012523,0.012523,0.012523,0.012523,0.012523,0.012523,0.012523,-0.012523
2022-02-28,0.000000,0.000000,0.000000,0.000000,0.000000,0.000000,0.000000,0.000000,0.000000,0.000000,0.000000,0.000000,0.000000,0.000000,0.000000,0.000000,0.000000
2022-03-01,0.000000,0.000000,0.000000,0.000000,0.000000,0.000000,0.000000,0.000000,0.000000,0.000000,0.000000,0.000000,0.000000,0.000000,0.000000,0.000000,0.000000
2022-03-02,-0.003508,-0.001754,-0.001754,-0.001754,0.001754,0.000000,0.000000,0.000000,0.000000,-0.001754,-0.001754,-0.001754,-0.001754,-0.001754,0.001754,-0.001754,-0.001754
2022-03-03,0.000000,0.000000,0.000000,0.000000,0.000000,0.000000,0.000000,0.000000,0.000000,0.000000,0.000000,0.000000,0.000000,0.000000,0.000000,0.000000,0.000000
2022-03-04,0.001881,0.000940,0.000940,0.000940,-0.000940,0.000000,0.000000,0.000000,0.000000,0.000940,0.000940,0.000940,0.000940,0.000940,-0.000940,0.000940,0.000940
2022-03-05,0.000000,0.000000,0.000000,0.000000,0.000000,0.000000,0.000000,0.000000,0.000000,0.000000,0.000000,0.000000,0.000000,0.000000,0.000000,0.000000,0.000000
2022-03-06,0.022365,0.011183,0.011183,0.011183,-0.011183,0.000000,0.000000,0.000000,0.000000,0.011183,0.011183,0.011183,0.011183,0.011183,-0.011183,0.011183,0.011183
2022-03-07,0.000000,0.000000,0.000000,0.000000,0.000000,0.000000,0.000000,0.000000,0.000000,0.000000,0.000000,0.000000,0.000000,0.000000,0.000000,0.000000,0.000000
2022-03-08,0.000000,0.000000,0.000000,0.000000,0.000000,0.000000,0.000000,0.000000,0.000000,0.000000,0.000000,0.000000,0.000000,0.000000,0.000000,0.000000,0.000000
2022-03-09,-0.016954,-0.008477,-0.008477,0.008477,0.008477,0.000000,0.000000,0.000000,0.000000,-0.008477,-0.008477,-0.008477,-0.008477,-0.008477,0.008477,-0.008477,-0.008477
2022-03-10,0.000000,0.000000,0.000000,0.000000,0.000000,0.000000,0.000000,0.000000,0.000000,0.000000,0.000000,0.000000,0.000000,0.000000,0.000000,0.000000,0.000000
2022-03-11,0.019586,0.009793,0.009793,-0.009793,-0.009793,0.000000,0.000000,0.000000,0.000000,0.009793,0.009793,0.009793,0.009793,0.009793,0.009793,0.009793,0.009793
2022-03-12,0.000000,0.000000,0.000000,0.000000,0.000000,0.000000,0.000000,0.000000,0.000000,0.000000,0.000000,0.000000,0.000000,0.000000,0.000000,0.000000,0.000000
2022-03-13,-0.015527,-0.007764,-0.007764,0.007764,0.007764,0.007764,0.007764,-0.007764,-0.007764,-0.007764,-0.007764,-0.007764,-0.007764,-0.007764,-0.007764,-0.007764,-0.007764
2022-03-14,0.000000,0.000000,0.000000,0.000000,0.000000,0.000000,0.000000,0.000000,0.000000,0.000000,0.000000,0.000000,0.000000,0.000000,0.000000,0.000000,0.000000
2022-03-15,0.000000,0.000000,0.000000,0.000000,0.000000,0.000000,0.000000,0.000000,0.000000,0.000000,0.000000,0.000000,0.000000,0.000000,0.000000,0.000000,0.000000
2022-03-16,0.020311,0.010155,0.010155,-0.010155,-0.010155,-0.010155,-0.010155,0.010155,0.010155,0.010155,0.010155,0.010155,0.010155,0.010155,0.010155,0.010155,0.010155
2022-03-17,0.000000,0.000000,0.000000,0.000000,0.000000,0.000000,0.000000,0.000000,0.000000,0.000000,0.000000,0.000000,0.000000,0.000000,0.000000,0.000000,0.000000
2022-03-18,-0.065152,-0.036196,-0.036196,0.036196,0.032576,0.036196,0.036196,-0.036196,-0.036196,-0.032576,-0.065152,-0.032576,-0.032576,-0.036196,0.032576,-0.032576,-0.032576
2022-03-19,0.000000,0.000000,0.000000,0.000000,0.000000,0.000000,0.000000,0.000000,0.000000,0.000000,0.000000,0.000000,0.000000,0.000000,0.000000,0.000000,0.000000
2022-03-20,-0.038543,-0.021413,-0.021413,0.021413,0.019272,0.021413,0.021413,-0.021413,-0.021413,-0.019272,-0.038543,-0.019272,-0.019272,-0.021413,0.019272,-0.019272,-0.019272
2022-03-21,0.000000,0.000000,0.000000,0.000000,0.000000,0.000000,0.000000,0.000000,0.000000,0.000000,0.000000,0.000000,0.000000,0.000000,0.000000,0.000000,0.000000
2022-03-22,0.000000,0.000000,0.000000,0.000000,0.000000,0.000000,0.000000,0.000000,0.000000,0.000000,0.000000,0.000000,0.000000,0.000000,0.000000,0.000000,0.000000
2022-03-23,0.021629,0.009613,0.009613,-0.009613,-0.010814,-0.009613,-0.009613,0.009613,0.009613,0.010814,0.010814,0.021629,0.021629,0.009613,-0.010814,0.010814,0.010814
2022-03-24,0.000000,0.000000,0.000000,0.000000,0.000000,0.000000,0.000000,0.000000,0.000000,0.000000,0.000000,0.000000,0.000000,0.000000,0.000000,0.000000,0.000000
2022-03-25,0.005185,0.002592,0.002592,-0.002592,-0.002592,-0.002592,-0.002592,0.002592,0.002592,0.002592,0.002592,0.005185,0.005185,0.002592,-0.002592,0.002592,0.002592
2022-03-26,0.000000,0.000000,0.000000,0.000000,0.000000,0.000000,0.000000,0.000000,0.000000,0.000000,0.000000,0.000000,0.000000,0.000000,0.000000,0.000000,0.000000
2022-03-27,0.001276,0.000638,0.000638,-0.000638,-0.000638,-0.000638,-0.000638,0.000638,0.000638,0.000638,0.000638,0.001276,0.001276,0.000638,-0.000638,0.000638,0.000638
2022-03-28,0.000000,0.000000,0.000000,0.000000,0.000000,0.000000,0.000000,0.000000,0.000000,0.000000,0.000000,0.000000,0.000000,0.000000,0.000000,0.000000,0.000000
2022-03-29,0.000000,0.000000,0.000000,0.000000,0.000000,0.000000,0.000000,0.000000,0.000000,0.000000,0.000000,0.000000,0.000000,0.000000,0.000000,0.000000,0.000000
2022-03-30,0.023086,0.011543,0.011543,-0.011543,-0.011543,-0.011543,0.011543,-0.011543,-0.011543,0.011543,0.011543,0.011543,-0.011543,0.011543,-0.011543,0.011543,0.011543
2022-03-31,0.000000,0.000000,0.000000,0.000000,0.000000,0.000000,0.000000,0.000000,0.000000,0.000000,0.000000,0.000000,0.000000,0.000000,0.000000,0.000000,0.000000
2022-04-01,0.020404,0.010202,0.010202,-0.010202,-0.010202,-0.010202,0.010202,-0.010202,-0.010202,0.010202,0.010202,0.010202,-0.010202,0.010202,-0.010202,0.010202,0.010202
2022-04-02,0.000000,0.000000,0.000000,0.000000,0.000000,0.000000,0.000000,0.000000,0.000000,0.000000,0.000000,0.000000,0.000000,0.000000,0.000000,0.000000,0.000000
2022-04-03,0.013856,0.006928,0.006928,-0.006928,-0.006928,-0.006928,0.006928,-0.006928,-0.006928,0.006928,0.006928,0.006928,-0.006928,-0.006928,-0.006928,-0.006928,0.006928
2022-04-04,0.000000,0.000000,0.000000,0.000000,0.000000,0.000000,0.000000,0.000000,0.000000,0.000000,0.000000,0.000000,0.000000,0.000000,0.000000,0.000000,0.000000
2022-04-05,0.000000,0.000000,0.000000,0.000000,0.000000,0.000000,0.000000,0.000000,0.000000,0.000000,0.000000,0.000000,0.000000,0.000000,0.000000,0.000000,0.000000
2022-04-06,-0.093582,-0.057536,-0.057536,0.057536,0.040656,0.057536,-0.040656,0.040656,0.040656,-0.040656,-0.040656,-0.040656,0.057536,0.040656,0.040656,0.057536,-0.040656
2022-04-07,0.000000,0.000000,0.000000,0.000000,0.000000,0.000000,0.000000,0.000000,0.000000,0.000000,0.000000,0.000000,0.000000,0.000000,0.000000,0.000000,0.000000
2022-04-08,0.004465,0.002232,0.002232,-0.002232,-0.002232,-0.002232,0.002232,-0.002232,-0.002232,0.002232,0.002232,0.002232,0.002232,-0.002232,-0.002232,-0.002232,0.002232
2022-04-09,0.000000,0.000000,0.000000,0.000000,0.000000,0.000000,0.000000,0.000000,0.000000,0.000000,0.000000,0.000000,0.000000,0.000000,0.000000,0.000000,0.000000
2022-04-10,0.000342,0.000171,0.000171,-0.000171,-0.000171,-0.000171,0.000171,-0.000171,-0.000171,0.000171,0.000171,0.000171,0.000171,-0.000171,-0.000171,-0.000171,0.000171
2022-04-11,0.000000,0.000000,0.000000,0.000000,0.000000,0.000000,0.000000,0.000000,0.000000,0.000000,0.000000,0.000000,0.000000,0.000000,0.000000,0.000000,0.000000
2022-04-12,0.000000,0.000000,0.000000,0.000000,0.000000,0.000000,0.000000,0.000000,0.000000,0.000000,0.000000,0.000000,0.000000,0.000000,0.000000,0.000000,0.000000
2022-04-13,-0.005938,-0.002969,-0.002969,0.002969,0.002969,0.002969,0.002969,0.002969,-0.002969,-0.002969,-0.005938,-0.002969,-0.002969,-0.002969,0.002969,0.002969,-0.002969
2022-04-14,0.000000,0.000000,0.000000,0.000000,0.000000,0.000000,0.000000,0.000000,0.000000,0.000000,0.000000,0.000000,0.000000,0.000000,0.000000,0.000000,0.000000
2022-04-15,-0.029098,-0.014549,-0.014549,0.014549,0.014549,0.014549,0.014549,0.014549,-0.014549,-0.014549,-0.029098,-0.014549,-0.014549,-0.014549,0.014549,0.014549,-0.014549
2022-04-16,0.000000,0.000000,0.000000,0.000000,0.000000,0.000000,0.000000,0.000000,0.000000,0.000000,0.000000,0.000000,0.000000,0.000000,0.000000,0.000000,0.000000
2022-04-17,0.006281,0.002355,0.002355,-0.002355,-0.003140,-0.002355,-0.002355,-0.003140,0.002355,0.003140,0.003140,0.003140,0.003140,0.002355,-0.003140,-0.002355,0.003140
2022-04-18,0.000000,0.000000,0.000000,0.000000,0.000000,0.000000,0.000000,0.000000,0.000000,0.000000,0.000000,0.000000,0.000000,0.000000,0.000000,0.000000,0.000000
2022-04-19,0.000000,0.000000,0.000000,0.000000,0.000000,0.000000,0.000000,0.000000,0.000000,0.000000,0.000000,0.000000,0.000000,0.000000,0.000000,0.000000,0.000000
2022-04-20,0.032952,0.012357,0.012357,-0.012357,-0.016476,-0.012357,-0.012357,-0.016476,0.012357,0.016476,0.016476,0.016476,0.016476,-0.016476,-0.016476,0.016476,0.016476
2022-04-21,0.000000,0.000000,0.000000,0.000000,0.000000,0.000000,0.000000,0.000000,0.000000,0.000000,0.000000,0.000000,0.000000,0.000000,0.000000,0.000000,0.000000
2022-04-22,0.017155,0.006433,0.006433,-0.006433,-0.008578,-0.006433,-0.006433,-0.008578,0.006433,0.008578,0.008578,0.008578,0.017155,-0.008578,-0.008578,0.008578,0.008578
2022-04-23,0.000000,0.000000,0.000000,0.000000,0.000000,0.000000,0.000000,0.000000,0.000000,0.000000,0.000000,0.000000,0.000000,0.000000,0.000000,0.000000,0.000000
2022-04-24,-0.022770,-0.008539,-0.008539,0.008539,0.011385,0.008539,0.008539,0.011385,-0.008539,-0.011385,-0.011385,-0.011385,-0.022770,0.011385,0.011385,-0.011385,-0.011385
2022-04-25,0.000000,0.000000,0.000000,0.000000,0.000000,0.000000,0.000000,0.000000,0.000000,0.000000,0.000000,0.000000,0.000000,0.000000,0.000000,0.000000,0.000000
2022-04-26,0.000000,0.000000,0.000000,0.000000,0.000000,0.000000,0.000000,0.000000,0.000000,0.000000,0.000000,0.000000,0.000000,0.000000,0.000000,0.000000,0.000000
2022-04-27,-0.012902,-0.004838,-0.004838,0.004838,0.006451,0.004838,0.004838,0.006451,0.012902,-0.006451,-0.006451,-0.006451,-0.006451,0.006451,0.006451,-0.006451,0.004838
2022-04-28,0.000000,0.000000,0.000000,0.000000,0.000000,0.000000,0.000000,0.000000,0.000000,0.000000,0.000000,0.000000,0.000000,0.000000,0.000000,0.000000,0.000000
2022-04-29,0.013537,0.006769,0.006769,-0.006769,-0.006769,-0.006769,-0.006769,-0.006769,-0.013537,0.006769,0.006769,0.006769,0.006769,-0.006769,-0.006769,0.006769,-0.006769
2022-04-30,0.000000,0.000000,0.000000,0.000000,0.000000,0.000000,0.000000,0.000000,0.000000,0.000000,0.000000,0.000000,0.000000,0.000000,0.000000,0.000000,0.000000
2022-05-01,0.049288,0.021906,0.021906,-0.021906,-0.024644,-0.021906,-0.021906,-0.024644,-0.049288,0.024644,0.024644,0.024644,0.024644,-0.024644,-0.024644,0.024644,-0.021906
2022-05-02,0.000000,0.000000,0.000000,0.000000,0.000000,0.000000,0.000000,0.000000,0.000000,0.000000,0.000000,0.000000,0.000000,0.000000,0.000000,0.000000,0.000000
2022-05-03,0.000000,0.000000,0.000000,0.000000,0.000000,0.000000,0.000000,0.000000,0.000000,0.000000,0.000000,0.000000,0.000000,0.000000,0.000000,0.000000,0.000000
2022-05-04,-0.024218,-0.012109,-0.012109,0.012109,0.012109,0.012109,0.012109,0.012109,0.024218,-0.012109,-0.012109,0.012109,-0.012109,0.012109,0.012109,-0.012109,0.012109
2022-05-05,0.000000,0.000000,0.000000,0.000000,0.000000,0.000000,0.000000,0.000000,0.000000,0.000000,0.000000,0.000000,0.000000,0.000000,0.000000,0.000000,0.000000
2022-05-06,-0.042338,-0.015877,-0.015877,0.015877,0.021169,0.015877,0.015877,0.021169,0.042338,-0.021169,-0.021169,0.015877,-0.021169,0.021169,0.021169,-0.021169,0.015877
2022-05-07,0.000000,0.000000,0.000000,0.000000,0.000000,0.000000,0.000000,0.000000,0.000000,0.000000,0.000000,0.000000,0.000000,0.000000,0.000000,0.000000,0.000000
2022-05-08,-0.029127,-0.014563,-0.014563,0.014563,0.014563,0.014563,0.014563,0.014563,0.029127,-0.014563,-0.014563,0.014563,-0.014563,0.014563,0.014563,-0.014563,0.014563
2022-05-09,0.000000,0.000000,0.000000,0.000000,0.000000,0.000000,0.000000,0.000000,0.000000,0.000000,0.000000,0.000000,0.000000,0.000000,0.000000,0.000000,0.000000
2022-05-10,0.000000,0.000000,0.000000,0.000000,0.000000,0.000000,0.000000,0.000000,0.000000,0.000000,0.000000,0.000000,0.000000,0.000000,0.000000,0.000000,0.000000
2022-05-11,0.032640,0.014507,0.014507,-0.014507,-0.016320,-0.014507,-0.014507,-0.016320,-0.032640,0.016320,0.016320,-0.014507,0.016320,-0.016320,-0.016320,0.016320,-0.014507
2022-05-12,0.000000,0.000000,0.000000,0.000000,0.000000,0.000000,0.000000,0.000000,0.000000,0.000000,0.000000,0.000000,0.000000,0.000000,0.000000,0.000000,0.000000
2022-05-13,0.040540,0.015203,0.015203,-0.015203,-0.020270,-0.015203,0.020270,-0.020270,0.015203,-0.015203,-0.015203,0.020270,0.020270,-0.020270,-0.020270,0.020270,-0.015203
2022-05-14,0.000000,0.000000,0.000000,0.000000,0.000000,0.000000,0.000000,0.000000,0.000000,0.000000,0.000000,0.000000,0.000000,0.000000,0.000000,0.000000,0.000000
2022-05-15,0.023368,0.011684,0.011684,-0.011684,-0.011684,-0.011684,0.011684,-0.011684,0.011684,-0.011684,-0.011684,0.011684,0.011684,-0.011684,-0.011684,0.011684,-0.011684
2022-05-16,0.000000,0.000000,0.000000,0.000000,0.000000,0.000000,0.000000,0.000000,0.000000,0.000000,0.000000,0.000000,0.000000,0.000000,0.000000,0.000000,0.000000
2022-05-17,0.000000,0.000000,0.000000,0.000000,0.000000,0.000000,0.000000,0.000000,0.000000,0.000000,0.000000,0.000000,0.000000,0.000000,0.000000,0.000000,0.000000
2022-05-18,0.025691,-0.012845,-0.012845,0.012845,0.012845,-0.012845,0.012845,-0.012845,0.012845,-0.012845,-0.012845,-0.012845,0.012845,-0.012845,-0.012845,0.012845,-0.012845
2022-05-19,0.000000,0.000000,0.000000,0.000000,0.000000,0.000000,0.000000,0.000000,0.000000,0.000000,0.000000,0.000000,0.000000,0.000000,0.000000,0.000000,0.000000
2022-05-20,0.019035,-0.009517,-0.009517,0.009517,0.009517,-0.009517,0.009517,-0.009517,0.009517,-0.009517,-0.009517,-0.009517,0.009517,-0.009517,-0.009517,0.009517,-0.009517
2022-05-21,0.000000,0.000000,0.000000,0.000000,0.000000,0.000000,0.000000,0.000000,0.000000,0.000000,0.000000,0.000000,0.000000,0.000000,0.000000,0.000000,0.000000
2022-05-22,-0.031573,0.015787,0.015787,-0.015787,-0.015787,0.015787,-0.015787,0.015787,-0.015787,-0.015787,0.015787,-0.015787,-0.015787,0.015787,0.015787,-0.015787,0.015787
2022-05-23,0.000000,0.000000,0.000000,0.000000,0.000000,0.000000,0.000000,0.000000,0.000000,0.000000,0.000000,0.000000,0.000000,0.000000,0.000000,0.000000,0.000000
2022-05-24,0.000000,0.000000,0.000000,0.000000,0.000000,0.000000,0.000000,0.000000,0.000000,0.000000,0.000000,0.000000,0.000000,0.000000,0.000000,0.000000,0.000000
2022-05-25,-0.043748,0.021874,0.021874,-0.021874,-0.024304,0.024304,-0.021874,0.021874,-0.024304,-0.021874,0.024304,-0.021874,-0.021874,0.021874,0.021874,-0.021874,0.024304
2022-05-26,0.000000,0.000000,0.000000,0.000000,0.000000,0.000000,0.000000,0.000000,0.000000,0.000000,0.000000,0.000000,0.000000,0.000000,0.000000,0.000000,0.000000
2022-05-27,0.017128,0.010705,0.010705,0.008564,0.010705,-0.010705,0.008564,-0.008564,-0.017128,0.008564,-0.010705,0.008564,0.008564,-0.008564,-0.008564,0.008564,-0.010705
2022-05-28,0.000000,0.000000,0.000000,0.000000,0.000000,0.000000,0.000000,0.000000,0.000000,0.000000,0.000000,0.000000,0.000000,0.000000,0.000000,0.000000,0.000000
2022-05-29,-0.021074,-0.010537,-0.010537,-0.010537,-0.010537,0.010537,-0.010537,0.010537,0.021074,-0.010537,0.010537,-0.010537,-0.010537,0.010537,0.010537,0.010537,0.010537
2022-05-30,0.000000,0.000000,0.000000,0.000000,0.000000,0.000000,0.000000,0.000000,0.000000,0.000000,0.000000,0.000000,0.000000,0.000000,0.000000,0.000000,0.000000
2022-05-31,0.000000,0.000000,0.000000,0.000000,0.000000,0.000000,0.000000,0.000000,0.000000,0.000000,0.000000,0.000000,0.000000,0.000000,0.000000,0.000000,0.000000
2022-06-01,0.048396,0.026887,0.026887,0.024198,0.026887,-0.026887,0.024198,-0.024198,-0.048396,-0.026887,-0.026887,0.048396,0.024198,-0.024198,-0.024198,-0.026887,-0.026887
2022-06-02,0.000000,0.000000,0.000000,0.000000,0.000000,0.000000,0.000000,0.000000,0.000000,0.000000,0.000000,0.000000,0.000000,0.000000,0.000000,0.000000,0.000000
2022-06-03,-0.006572,-0.003286,-0.003286,-0.003286,-0.003286,0.003286,-0.003286,0.003286,0.006572,0.003286,0.003286,-0.006572,-0.003286,0.003286,0.003286,0.003286,0.003286
2022-06-04,0.000000,0.000000,0.000000,0.000000,0.000000,0.000000,0.000000,0.000000,0.000000,0.000000,0.000000,0.000000,0.000000,0.000000,0.000000,0.000000,0.000000
2022-06-05,-0.021240,-0.013275,-0.013275,-0.010620,-0.013275,0.013275,-0.010620,0.010620,0.021240,0.013275,0.013275,-0.021240,-0.010620,0.010620,0.010620,0.013275,0.013275
2022-06-06,0.000000,0.000000,0.000000,0.000000,0.000000,0.000000,0.000000,0.000000,0.000000,0.000000,0.000000,0.000000,0.000000,0.000000,0.000000,0.000000,0.000000
2022-06-07,0.000000,0.000000,0.000000,0.000000,0.000000,0.000000,0.000000,0.000000,0.000000,0.000000,0.000000,0.000000,0.000000,0.000000,0.000000,0.000000,0.000000
2022-06-08,0.015743,0.007871,0.007871,0.007871,0.007871,-0.007871,0.007871,-0.007871,-0.015743,-0.007871,0.007871,0.007871,0.007871,0.007871,0.007871,-0.007871,-0.007871
2022-06-09,0.000000,0.000000,0.000000,0.000000,0.000000,0.000000,0.000000,0.000000,0.000000,0.000000,0.000000,0.000000,0.000000,0.000000,0.000000,0.000000,0.000000
2022-06-10,-0.006863,-0.003432,-0.003432,-0.003432,-0.003432,0.003432,-0.003432,0.003432,0.006863,0.003432,-0.003432,-0.003432,-0.003432,-0.003432,-0.003432,0.003432,0.003432
2022-06-11,0.000000,0.000000,0.000000,0.000000,0.000000,0.000000,0.000000,0.000000,0.000000,0.000000,0.000000,0.000000,0.000000,0.000000,0.000000,0.000000,0.000000
2022-06-12,0.030862,0.013716,0.013716,0.015431,0.013716,-0.013716,0.015431,-0.015431,0.013716,-0.013716,0.015431,0.015431,0.015431,0.013716,0.013716,-0.013716,-0.013716
2022-06-13,0.000000,0.000000,0.000000,0.000000,0.000000,0.000000,0.000000,0.000000,0.000000,0.000000,0.000000,0.000000,0.000000,0.000000,0.000000,0.000000,0.000000
2022-06-14,0.000000,0.000000,0.000000,0.000000,0.000000,0.000000,0.000000,0.000000,0.000000,0.000000,0.000000,0.000000,0.000000,0.000000,0.000000,0.000000,0.000000
2022-06-15,-0.068944,-0.034472,-0.034472,-0.034472,-0.034472,0.034472,-0.034472,0.034472,-0.034472,0.034472,-0.034472,-0.034472,-0.034472,-0.034472,0.034472,0.034472,-0.034472
2022-06-16,0.000000,0.000000,0.000000,0.000000,0.000000,0.000000,0.000000,0.000000,0.000000,0.000000,0.000000,0.000000,0.000000,0.000000,0.000000,0.000000,0.000000
2022-06-17,-0.004822,0.002411,-0.002411,-0.002411,0.002411,0.002411,-0.002411,0.002411,-0.002411,-0.002411,0.002411,-0.002411,0.002411,-0.002411,0.002411,0.002411,-0.002411
2022-06-18,0.000000,0.000000,0.000000,0.000000,0.000000,0.000000,0.000000,0.000000,0.000000,0.000000,0.000000,0.000000,0.000000,0.000000,0.000000,0.000000,0.000000
2022-06-19,-0.043149,0.021575,-0.021575,-0.021575,0.021575,0.021575,-0.021575,0.021575,-0.021575,-0.021575,0.021575,-0.021575,0.021575,-0.021575,0.021575,0.021575,-0.021575
2022-06-20,0.000000,0.000000,0.000000,0.000000,0.000000,0.000000,0.000000,0.000000,0.000000,0.000000,0.000000,0.000000,0.000000,0.000000,0.000000,0.000000,0.000000
2022-06-21,0.000000,0.000000,0.000000,0.000000,0.000000,0.000000,0.000000,0.000000,0.000000,0.000000,0.000000,0.000000,0.000000,0.000000,0.000000,0.000000,0.000000
2022-06-22,0.005510,0.000221,-0.001858,-0.000221,0.000221,0.001858,-0.000221,0.000221,-0.001858,-0.000221,0.001858,-0.000221,0.001858,-0.001858,0.000221,-0.000221,0.001858
2022-06-23,0.000000,0.000000,0.000000,0.000000,0.000000,0.000000,0.000000,0.000000,0.000000,0.000000,0.000000,0.000000,0.000000,0.000000,0.000000,0.000000,0.000000
2022-06-24,0.000916,-0.000171,-0.002641,0.000171,-0.000171,0.002641,0.000171,-0.000171,-0.002641,0.000171,0.002641,0.000171,0.002641,-0.002641,-0.000171,0.000171,0.002641
2022-06-25,0.000000,0.000000,0.000000,0.000000,0.000000,0.000000,0.000000,0.000000,0.000000,0.000000,0.000000,0.000000,0.000000,0.000000,0.000000,0.000000,0.000000
2022-06-26,0.035915,-0.018119,-0.018119,0.018119,0.015531,0.018119,0.018119,0.015531,0.015531,-0.015531,-0.015531,0.018119,-0.015531,0.015531,-0.018119,0.018119,-0.015531
2022-06-27,0.000000,0.000000,0.000000,0.000000,0.000000,0.000000,0.000000,0.000000,0.000000,0.000000,0.000000,0.000000,0.000000,0.000000,0.000000,0.000000,0.000000
2022-06-28,0.000000,0.000000,0.000000,0.000000,0.000000,0.000000,0.000000,0.000000,0.000000,0.000000,0.000000,0.000000,0.000000,0.000000,0.000000,0.000000,0.000000
2022-06-29,0.013067,-0.006131,-0.006131,0.006131,0.005255,0.006131,0.006131,0.005255,0.005255,-0.005255,-0.005255,0.006131,-0.005255,0.005255,-0.006131,0.006131,-0.005255
2022-06-30,0.000000,0.000000,0.000000,0.000000,0.000000,0.000000,0.000000,0.000000,0.000000,0.000000,0.000000,0.000000,0.000000,0.000000,0.000000,0.000000,0.000000
2022-07-01,-0.009172,0.004586,0.004586,-0.004586,-0.004586,-0.004586,-0.004586,-0.004586,-0.004586,0.004586,0.004586,-0.004586,-0.004586,0.004586,0.004586,-0.004586,0.004586
2022-07-02,0.000000,0.000000,0.000000,0.000000,0.000000,0.000000,0.000000,0.000000,0.000000,0.000000,0.000000,0.000000,0.000000,0.000000,0.000000,0.000000,0.000000
2022-07-03,0.001583,-0.002758,-0.002758,0.002758,0.003093,0.002758,0.002758,0.003093,0.003093,-0.003093,-0.003093,0.002758,0.002758,-0.002758,-0.002758,0.002758,-0.003093
2022-07-04,0.000000,0.000000,0.000000,0.000000,0.000000,0.000000,0.000000,0.000000,0.000000,0.000000,0.000000,0.000000,0.000000,0.000000,0.000000,0.000000,0.000000
2022-07-05,0.000000,0.000000,0.000000,0.000000,0.000000,0.000000,0.000000,0.000000,0.000000,0.000000,0.000000,0.000000,0.000000,0.000000,0.000000,0.000000,0.000000
2022-07-06,0.020444,-0.010222,-0.010222,0.010222,0.010222,0.010222,0.010222,0.010222,0.010222,-0.010222,0.010222,0.010222,0.010222,-0.010222,-0.010222,0.010222,-0.010222
2022-07-07,0.000000,0.000000,0.000000,0.000000,0.000000,0.000000,0.000000,0.000000,0.000000,0.000000,0.000000,0.000000,0.000000,0.000000,0.000000,0.000000,0.000000
2022-07-08,0.005294,0.000578,0.000578,-0.000578,-0.000496,-0.000578,-0.000578,-0.000496,-0.000496,0.000496,-0.000578,-0.000578,-0.000578,-0.000496,-0.000496,-0.000578,0.000496
2022-07-09,0.000000,0.000000,0.000000,0.000000,0.000000,0.000000,0.000000,0.000000,0.000000,0.000000,0.000000,0.000000,0.000000,0.000000,0.000000,0.000000,0.000000
2022-07-10,0.008748,-0.008097,-0.008097,0.008097,0.006679,0.008097,0.008097,0.006679,0.006679,-0.006679,0.008097,0.008097,0.008097,0.006679,0.006679,0.008097,-0.006679
2022-07-11,0.000000,0.000000,0.000000,0.000000,0.000000,0.000000,0.000000,0.000000,0.000000,0.000000,0.000000,0.000000,0.000000,0.000000,0.000000,0.000000,0.000000
2022-07-12,0.000000,0.000000,0.000000,0.000000,0.000000,0.000000,0.000000,0.000000,0.000000,0.000000,0.000000,0.000000,0.000000,0.000000,0.000000,0.000000,0.000000
2022-07-13,0.013482,-0.006741,-0.006741,0.006741,0.006741,0.006741,0.006741,-0.006741,0.006741,-0.006741,0.006741,0.006741,0.006741,0.006741,0.006741,0.006741,-0.006741
2022-07-14,0.000000,0.000000,0.000000,0.000000,0.000000,0.000000,0.000000,0.000000,0.000000,0.000000,0.000000,0.000000,0.000000,0.000000,0.000000,0.000000,0.000000
2022-07-15,0.042595,-0.021297,-0.021297,0.021297,0.021297,0.021297,0.021297,-0.021297,0.021297,-0.021297,0.021297,0.021297,0.021297,0.021297,0.021297,0.021297,-0.021297
2022-07-16,0.000000,0.000000,0.000000,0.000000,0.000000,0.000000,0.000000,0.000000,0.000000,0.000000,0.000000,0.000000,0.000000,0.000000,0.000000,0.000000,0.000000
2022-07-17,0.027194,0.013597,-0.013597,0.013597,-0.013597,0.013597,0.013597,-0.013597,0.013597,-0.013597,0.013597,0.013597,0.013597,0.013597,0.013597,0.013597,-0.013597
2022-07-18,0.000000,0.000000,0.000000,0.000000,0.000000,0.000000,0.000000,0.000000,0.000000,0.000000,0.000000,0.000000,0.000000,0.000000,0.000000,0.000000,0.000000
2022-07-19,0.000000,0.000000,0.000000,0.000000,0.000000,0.000000,0.000000,0.000000,0.000000,0.000000,0.000000,0.000000,0.000000,0.000000,0.000000,0.000000,0.000000
2022-07-20,0.016484,0.010302,-0.008242,0.008242,-0.008242,0.008242,0.008242,-0.008242,0.010302,-0.010302,0.008242,0.008242,0.008242,0.010302,0.010302,0.008242,-0.010302
2022-07-21,0.000000,0.000000,0.000000,0.000000,0.000000,0.000000,0.000000,0.000000,0.000000,0.000000,0.000000,0.000000,0.000000,0.000000,0.000000,0.000000,0.000000
2022-07-22,-0.005930,-0.002965,0.002965,-0.002965,0.002965,-0.002965,-0.002965,0.002965,-0.002965,-0.002965,-0.002965,-0.002965,0.002965,-0.002965,-0.002965,-0.002965,0.002965
2022-07-23,0.000000,0.000000,0.000000,0.000000,0.000000,0.000000,0.000000,0.000000,0.000000,0.000000,0.000000,0.000000,0.000000,0.000000,0.000000,0.000000,0.000000
2022-07-24,0.000890,0.000495,-0.000445,0.000445,-0.000445,0.000445,0.000445,-0.000445,0.000495,0.000445,0.000445,0.000445,-0.000495,0.000495,0.000495,0.000445,0.000445
2022-07-25,0.000000,0.000000,0.000000,0.000000,0.000000,0.000000,0.000000,0.000000,0.000000,0.000000,0.000000,0.000000,0.000000,0.000000,0.000000,0.000000,0.000000
2022-07-26,0.000000,0.000000,0.000000,0.000000,0.000000,0.000000,0.000000,0.000000,0.000000,0.000000,0.000000,0.000000,0.000000,0.000000,0.000000,0.000000,0.000000
2022-07-27,-0.005395,-0.002697,-0.002697,-0.002697,-0.002697,-0.002697,-0.002697,-0.002697,-0.002697,-0.002697,-0.002697,-0.002697,0.002697,-0.002697,-0.002697,-0.002697,-0.002697
2022-07-28,0.000000,0.000000,0.000000,0.000000,0.000000,0.000000,0.000000,0.000000,0.000000,0.000000,0.000000,0.000000,0.000000,0.000000,0.000000,0.000000,0.000000
2022-07-29,0.026298,0.013149,0.013149,0.013149,0.013149,0.013149,0.013149,0.013149,0.013149,0.013149,0.013149,0.013149,-0.013149,0.013149,0.013149,0.013149,0.013149
2022-07-30,0.000000,0.000000,0.000000,0.000000,0.000000,0.000000,0.000000,0.000000,0.000000,0.000000,0.000000,0.000000,0.000000,0.000000,0.000000,0.000000,0.000000
2022-07-31,0.042185,0.026366,0.026366,0.021093,0.026366,0.021093,0.021093,0.026366,0.026366,0.021093,0.021093,0.021093,-0.026366,0.026366,0.026366,0.021093,0.021093
2022-08-01,0.000000,0.000000,0.000000,0.000000,0.000000,0.000000,0.000000,0.000000,0.000000,0.000000,0.000000,0.000000,0.000000,0.000000,0.000000,0.000000,0.000000
2022-08-02,0.000000,0.000000,0.000000,0.000000,0.000000,0.000000,0.000000,0.000000,0.000000,0.000000,0.000000,0.000000,0.000000,0.000000,0.000000,0.000000,0.000000
2022-08-03,-0.016605,-0.009225,-0.009225,-0.008302,-0.009225,-0.008302,-0.008302,-0.009225,-0.009225,-0.008302,-0.008302,-0.008302,0.009225,-0.009225,-0.009225,0.009225,-0.008302
2022-08-04,0.000000,0.000000,0.000000,0.000000,0.000000,0.000000,0.000000,0.000000,0.000000,0.000000,0.000000,0.000000,0.000000,0.000000,0.000000,0.000000,0.000000
2022-08-05,-0.020515,0.010258,0.010258,-0.010258,-0.010258,-0.010258,-0.010258,-0.010258,-0.010258,0.010258,-0.010258,0.010258,-0.010258,-0.010258,-0.010258,0.010258,-0.010258
2022-08-06,0.000000,0.000000,0.000000,0.000000,0.000000,0.000000,0.000000,0.000000,0.000000,0.000000,0.000000,0.000000,0.000000,0.000000,0.000000,0.000000,0.000000
2022-08-07,-0.007877,0.003938,0.003938,-0.003938,-0.003938,-0.003938,-0.003938,-0.003938,-0.003938,0.003938,-0.003938,0.003938,-0.003938,-0.003938,-0.003938,0.003938,-0.003938
2022-08-08,0.000000,0.000000,0.000000,0.000000,0.000000,0.000000,0.000000,0.000000,0.000000,0.000000,0.000000,0.000000,0.000000,0.000000,0.000000,0.000000,0.000000
2022-08-09,0.000000,0.000000,0.000000,0.000000,0.000000,0.000000,0.000000,0.000000,0.000000,0.000000,0.000000,0.000000,0.000000,0.000000,0.000000,0.000000,0.000000
2022-08-10,-0.024265,0.012133,0.012133,-0.012133,-0.015166,-0.012133,-0.012133,0.012133,-0.015166,0.015166,-0.012133,0.015166,0.015166,0.012133,-0.015166,0.015166,-0.012133
2022-08-11,0.000000,0.000000,0.000000,0.000000,0.000000,0.000000,0.000000,0.000000,0.000000,0.000000,0.000000,0.000000,0.000000,0.000000,0.000000,0.000000,0.000000
2022-08-12,0.010708,-0.005354,-0.005354,0.005354,0.005354,0.005354,0.005354,-0.005354,0.005354,-0.005354,0.005354,-0.005354,-0.005354,-0.005354,0.005354,-0.005354,0.005354
2022-08-13,0.000000,0.000000,0.000000,0.000000,0.000000,0.000000,0.000000,0.000000,0.000000,0.000000,0.000000,0.000000,0.000000,0.000000,0.000000,0.000000,0.000000
2022-08-14,0.002664,-0.004396,-0.004396,0.004396,0.004890,0.004396,0.004396,-0.004396,0.004890,-0.004890,0.004396,-0.004890,-0.004890,-0.004396,0.004890,-0.004890,0.004396
2022-08-15,0.000000,0.000000,0.000000,0.000000,0.000000,0.000000,0.000000,0.000000,0.000000,0.000000,0.000000,0.000000,0.000000,0.000000,0.000000,0.000000,0.000000
2022-08-16,0.000000,0.000000,0.000000,0.000000,0.000000,0.000000,0.000000,0.000000,0.000000,0.000000,0.000000,0.000000,0.000000,0.000000,0.000000,0.000000,0.000000
2022-08-17,-0.034050,0.021058,0.021058,-0.021058,-0.017346,-0.021058,-0.021058,0.021058,-0.017346,0.017346,0.017346,-0.021058,0.017346,0.021058,-0.017346,-0.021058,-0.021058
2022-08-18,0.000000,0.000000,0.000000,0.000000,0.000000,0.000000,0.000000,0.000000,0.000000,0.000000,0.000000,0.000000,0.000000,0.000000,0.000000,0.000000,0.000000
2022-08-19,-0.031386,0.015693,0.015693,-0.015693,-0.015693,-0.015693,-0.015693,0.015693,-0.015693,0.015693,0.015693,-0.015693,0.015693,0.015693,-0.015693,-0.015693,-0.015693
2022-08-20,0.000000,0.000000,0.000000,0.000000,0.000000,0.000000,0.000000,0.000000,0.000000,0.000000,0.000000,0.000000,0.000000,0.000000,0.000000,0.000000,0.000000
2022-08-21,0.008604,-0.004302,-0.004302,0.004302,0.004302,0.004302,0.004302,-0.004302,0.004302,-0.004302,0.004302,-0.004302,0.004302,-0.004302,0.004302,0.004302,0.004302
2022-08-22,0.000000,0.000000,0.000000,0.000000,0.000000,0.000000,0.000000,0.000000,0.000000,0.000000,0.000000,0.000000,0.000000,0.000000,0.000000,0.000000,0.000000
2022-08-23,0.000000,0.000000,0.000000,0.000000,0.000000,0.000000,0.000000,0.000000,0.000000,0.000000,0.000000,0.000000,0.000000,0.000000,0.000000,0.000000,0.000000
2022-08-24,-0.004430,0.002215,0.002215,-0.002215,-0.002215,-0.002215,-0.002215,0.002215,-0.002215,0.002215,-0.002215,0.002215,-0.002215,0.002215,-0.002215,-0.002215,-0.002215
2022-08-25,0.000000,0.000000,0.000000,0.000000,0.000000,0.000000,0.000000,0.000000,0.000000,0.000000,0.000000,0.000000,0.000000,0.000000,0.000000,0.000000,0.000000
2022-08-26,0.007574,-0.003787,-0.003787,0.003787,0.003787,0.003787,0.003787,-0.003787,0.003787,0.003787,0.003787,0.003787,0.003787,0.003787,0.003787,0.003787,0.003787
2022-08-27,0.000000,0.000000,0.000000,0.000000,0.000000,0.000000,0.000000,0.000000,0.000000,0.000000,0.000000,0.000000,0.000000,0.000000,0.000000,0.000000,0.000000
2022-08-28,-0.015435,0.007718,0.007718,-0.007718,-0.007718,-0.007718,-0.007718,0.007718,-0.007718,-0.007718,-0.007718,-0.007718,-0.007718,-0.007718,-0.007718,-0.007718,-0.007718
2022-08-29,0.000000,0.000000,0.000000,0.000000,0.000000,0.000000,0.000000,0.000000,0.000000,0.000000,0.000000,0.000000,0.000000,0.000000,0.000000,0.000000,0.000000
2022-08-30,0.000000,0.000000,0.000000,0.000000,0.000000,0.000000,0.000000,0.000000,0.000000,0.000000,0.000000,0.000000,0.000000,0.000000,0.000000,0.000000,0.000000
2022-08-31,0.041019,-0.020510,-0.020510,0.020510,0.015382,0.020510,0.020510,-0.020510,0.015382,0.020510,0.020510,0.020510,0.020510,0.015382,0.015382,0.020510,0.020510
2022-09-01,0.000000,0.000000,0.000000,0.000000,0.000000,0.000000,0.000000,0.000000,0.000000,0.000000,0.000000,0.000000,0.000000,0.000000,0.000000,0.000000,0.000000
2022-09-02,0.008790,-0.004395,-0.004395,0.004395,0.003296,0.004395,0.004395,-0.004395,0.003296,0.004395,0.004395,0.004395,0.004395,0.003296,-0.004395,0.008790,0.004395
2022-09-03,0.000000,0.000000,0.000000,0.000000,0.000000,0.000000,0.000000,0.000000,0.000000,0.000000,0.000000,0.000000,0.000000,0.000000,0.000000,0.000000,0.000000
2022-09-04,-0.003737,0.001869,0.001869,-0.001869,-0.001401,-0.001869,-0.001869,0.001869,-0.001401,0.001401,-0.001869,-0.001869,-0.001869,-0.001401,0.001869,-0.003737,-0.001869
2022-09-05,0.000000,0.000000,0.000000,0.000000,0.000000,0.000000,0.000000,0.000000,0.000000,0.000000,0.000000,0.000000,0.000000,0.000000,0.000000,0.000000,0.000000
2022-09-06,0.000000,0.000000,0.000000,0.000000,0.000000,0.000000,0.000000,0.000000,0.000000,0.000000,0.000000,0.000000,0.000000,0.000000,0.000000,0.000000,0.000000
2022-09-07,0.029142,-0.014571,-0.014571,0.014571,0.012952,0.014571,0.014571,-0.014571,0.012952,-0.012952,0.014571,0.014571,0.014571,0.012952,-0.014571,0.029142,0.014571
2022-09-08,0.000000,0.000000,0.000000,0.000000,0.000000,0.000000,0.000000,0.000000,0.000000,0.000000,0.000000,0.000000,0.000000,0.000000,0.000000,0.000000,0.000000
2022-09-09,0.017196,-0.006973,-0.006973,0.006973,0.006973,0.006973,0.006973,-0.006973,0.006973,-0.006973,0.006973,0.006973,0.006973,0.006973,-0.006973,0.013946,0.006973
2022-09-10,0.000000,0.000000,0.000000,0.000000,0.000000,0.000000,0.000000,0.000000,0.000000,0.000000,0.000000,0.000000,0.000000,0.000000,0.000000,0.000000,0.000000
2022-09-11,0.006080,-0.003040,-0.003040,0.003040,0.003378,0.003040,0.003040,-0.003040,0.003378,-0.003378,0.003040,0.003040,0.003040,0.003378,-0.003040,0.003040,0.003040
2022-09-12,0.000000,0.000000,0.000000,0.000000,0.000000,0.000000,0.000000,0.000000,0.000000,0.000000,0.000000,0.000000,0.000000,0.000000,0.000000,0.000000,0.000000
2022-09-13,0.000000,0.000000,0.000000,0.000000,0.000000,0.000000,0.000000,0.000000,0.000000,0.000000,0.000000,0.000000,0.000000,0.000000,0.000000,0.000000,0.000000
2022-09-14,0.072323,0.036162,-0.036162,0.036162,0.036162,0.036162,0.036162,-0.036162,0.036162,0.036162,0.036162,-0.036162,0.036162,0.036162,-0.036162,0.036162,0.036162
2022-09-15,0.000000,0.000000,0.000000,0.000000,0.000000,0.000000,0.000000,0.000000,0.000000,0.000000,0.000000,0.000000,0.000000,0.000000,0.000000,0.000000,0.000000
2022-09-16,-0.010704,-0.007329,0.008551,-0.008551,-0.007329,-0.008551,-0.008551,0.008551,-0.007329,-0.008551,-0.008551,0.007329,-0.008551,-0.007329,0.008551,-0.008551,-0.008551
2022-09-17,0.000000,0.000000,0.000000,0.000000,0.000000,0.000000,0.000000,0.000000,0.000000,0.000000,0.000000,0.000000,0.000000,0.000000,0.000000,0.000000,0.000000
2022-09-18,-0.017747,-0.007888,0.008874,-0.008874,-0.007888,-0.008874,-0.008874,0.008874,-0.007888,-0.008874,-0.008874,0.007888,-0.008874,-0.007888,0.008874,-0.008874,0.007888
2022-09-19,0.000000,0.000000,0.000000,0.000000,0.000000,0.000000,0.000000,0.000000,0.000000,0.000000,0.000000,0.000000,0.000000,0.000000,0.000000,0.000000,0.000000
2022-09-20,0.000000,0.000000,0.000000,0.000000,0.000000,0.000000,0.000000,0.000000,0.000000,0.000000,0.000000,0.000000,0.000000,0.000000,0.000000,0.000000,0.000000
2022-09-21,0.007256,0.003628,-0.003628,0.003628,0.003628,0.003628,0.003628,-0.003628,0.003628,0.003628,-0.003628,0.003628,0.003628,0.003628,-0.003628,0.003628,-0.003628
2022-09-22,0.000000,0.000000,0.000000,0.000000,0.000000,0.000000,0.000000,0.000000,0.000000,0.000000,0.000000,0.000000,0.000000,0.000000,0.000000,0.000000,0.000000
2022-09-23,-0.041506,-0.016467,0.022031,-0.022031,-0.016467,-0.022031,-0.022031,0.022031,-0.016467,-0.022031,0.016467,-0.022031,-0.022031,-0.016467,0.022031,-0.022031,0.016467
2022-09-24,0.000000,0.000000,0.000000,0.000000,0.000000,0.000000,0.000000,0.000000,0.000000,0.000000,0.000000,0.000000,0.000000,0.000000,0.000000,0.000000,0.000000
2022-09-25,-0.019868,0.013689,0.013689,-0.013689,-0.011733,-0.013689,-0.013689,0.013689,0.013689,-0.013689,-0.013689,-0.013689,-0.013689,-0.011733,0.013689,-0.013689,0.011733
2022-09-26,0.000000,0.000000,0.000000,0.000000,0.000000,0.000000,0.000000,0.000000,0.000000,0.000000,0.000000,0.000000,0.000000,0.000000,0.000000,0.000000,0.000000
2022-09-27,0.000000,0.000000,0.000000,0.000000,0.000000,0.000000,0.000000,0.000000,0.000000,0.000000,0.000000,0.000000,0.000000,0.000000,0.000000,0.000000,0.000000
2022-09-28,0.027690,-0.015496,-0.015496,0.015496,0.013283,0.015496,0.015496,-0.015496,-0.015496,0.015496,0.015496,0.015496,0.015496,-0.015496,-0.015496,0.015496,-0.013283
2022-09-29,0.000000,0.000000,0.000000,0.000000,0.000000,0.000000,0.000000,0.000000,0.000000,0.000000,0.000000,0.000000,0.000000,0.000000,0.000000,0.000000,0.000000
2022-09-30,-0.006281,0.002830,0.002830,-0.002830,-0.002426,-0.002830,-0.002830,0.002830,0.002830,-0.002830,-0.002830,-0.002830,-0.002830,0.002830,0.002830,-0.002830,0.002426
2022-10-01,0.000000,0.000000,0.000000,0.000000,0.000000,0.000000,0.000000,0.000000,0.000000,0.000000,0.000000,0.000000,0.000000,0.000000,0.000000,0.000000,0.000000
2022-10-02,-0.017209,0.012508,0.012508,-0.012508,-0.010721,-0.012508,-0.012508,0.012508,0.012508,-0.012508,-0.012508,-0.012508,-0.012508,0.012508,0.012508,-0.012508,0.010721
2022-10-03,0.000000,0.000000,0.000000,0.000000,0.000000,0.000000,0.000000,0.000000,0.000000,0.000000,0.000000,0.000000,0.000000,0.000000,0.000000,0.000000,0.000000
2022-10-04,0.000000,0.000000,0.000000,0.000000,0.000000,0.000000,0.000000,0.000000,0.000000,0.000000,0.000000,0.000000,0.000000,0.000000,0.000000,0.000000,0.000000
2022-10-05,-0.009650,0.004939,0.004939,-0.004939,-0.004233,-0.004939,-0.004939,0.004939,0.004939,-0.004939,-0.004939,-0.004939,-0.009878,0.004939,0.004939,-0.004939,0.004233
2022-10-06,0.000000,0.000000,0.000000,0.000000,0.000000,0.000000,0.000000,0.000000,0.000000,0.000000,0.000000,0.000000,0.000000,0.000000,0.000000,0.000000,0.000000
2022-10-07,0.021554,-0.015656,-0.015656,0.015656,0.011742,0.015656,0.015656,-0.015656,-0.015656,0.015656,0.015656,0.015656,0.031312,-0.015656,-0.015656,0.015656,-0.011742
2022-10-08,0.000000,0.000000,0.000000,0.000000,0.000000,0.000000,0.000000,0.000000,0.000000,0.000000,0.000000,0.000000,0.000000,0.000000,0.000000,0.000000,0.000000
2022-10-09,-0.002693,0.001347,0.001347,-0.001347,-0.001496,-0.001347,-0.001347,0.001347,0.001347,-0.001347,-0.001347,-0.001347,-0.001347,0.001347,0.001347,-0.001347,0.001496
2022-10-10,0.000000,0.000000,0.000000,0.000000,0.000000,0.000000,0.000000,0.000000,0.000000,0.000000,0.000000,0.000000,0.000000,0.000000,0.000000,0.000000,0.000000
2022-10-11,0.000000,0.000000,0.000000,0.000000,0.000000,0.000000,0.000000,0.000000,0.000000,0.000000,0.000000,0.000000,0.000000,0.000000,0.000000,0.000000,0.000000
2022-10-12,-0.009627,0.004813,0.004813,-0.004813,-0.004813,-0.004813,-0.004813,0.004813,0.004813,-0.004813,-0.004813,-0.004813,-0.004813,0.004813,0.004813,-0.004813,0.004813
2022-10-13,0.000000,0.000000,0.000000,0.000000,0.000000,0.000000,0.000000,0.000000,0.000000,0.000000,0.000000,0.000000,0.000000,0.000000,0.000000,0.000000,0.000000
2022-10-14,0.031785,-0.015892,-0.015892,0.015892,0.015892,0.015892,0.015892,-0.015892,-0.015892,0.015892,0.015892,-0.015892,0.015892,-0.015892,-0.015892,0.015892,-0.015892
2022-10-15,0.000000,0.000000,0.000000,0.000000,0.000000,0.000000,0.000000,0.000000,0.000000,0.000000,0.000000,0.000000,0.000000,0.000000,0.000000,0.000000,0.000000
2022-10-16,0.025591,-0.012796,-0.012796,0.012796,0.012796,0.012796,0.012796,-0.012796,-0.012796,0.012796,0.012796,-0.012796,0.012796,-0.012796,-0.012796,0.012796,-0.012796
2022-10-17,0.000000,0.000000,0.000000,0.000000,0.000000,0.000000,0.000000,0.000000,0.000000,0.000000,0.000000,0.000000,0.000000,0.000000,0.000000,0.000000,0.000000
2022-10-18,0.000000,0.000000,0.000000,0.000000,0.000000,0.000000,0.000000,0.000000,0.000000,0.000000,0.000000,0.000000,0.000000,0.000000,0.000000,0.000000,0.000000
2022-10-19,0.032500,-0.014281,-0.014281,0.014281,0.020520,0.014281,0.014281,-0.014281,-0.014281,0.014281,0.014281,-0.020520,0.014281,-0.014281,-0.014281,0.014281,-0.020520
2022-10-20,0.000000,0.000000,0.000000,0.000000,0.000000,0.000000,0.000000,0.000000,0.000000,0.000000,0.000000,0.000000,0.000000,0.000000,0.000000,0.000000,0.000000
2022-10-21,-0.001018,0.000509,0.000509,-0.000509,-0.000509,-0.000509,-0.000509,0.000509,0.000509,-0.000509,-0.000509,0.000509,-0.000509,0.000509,0.000509,-0.000509,0.000509
2022-10-22,0.000000,0.000000,0.000000,0.000000,0.000000,0.000000,0.000000,0.000000,0.000000,0.000000,0.000000,0.000000,0.000000,0.000000,0.000000,0.000000,0.000000
2022-10-23,-0.014036,-0.000931,-0.000931,0.000931,0.007125,0.000931,0.000931,-0.000931,-0.000931,0.000931,0.000931,-0.007125,0.000931,-0.000931,-0.000931,0.000931,-0.007125
2022-10-24,0.000000,0.000000,0.000000,0.000000,0.000000,0.000000,0.000000,0.000000,0.000000,0.000000,0.000000,0.000000,0.000000,0.000000,0.000000,0.000000,0.000000
2022-10-25,0.000000,0.000000,0.000000,0.000000,0.000000,0.000000,0.000000,0.000000,0.000000,0.000000,0.000000,0.000000,0.000000,0.000000,0.000000,0.000000,0.000000
2022-10-26,-0.009246,0.004623,0.004623,-0.004623,-0.004623,-0.004623,-0.004623,0.004623,0.004623,-0.004623,-0.004623,0.004623,0.004623,0.004623,0.004623,-0.004623,0.004623
2022-10-27,0.000000,0.000000,0.000000,0.000000,0.000000,0.000000,0.000000,0.000000,0.000000,0.000000,0.000000,0.000000,0.000000,0.000000,0.000000,0.000000,0.000000
2022-10-28,-0.004146,0.002073,0.002073,-0.002073,-0.002073,-0.002073,-0.002073,0.002073,0.002073,-0.002073,-0.002073,0.002073,0.002073,0.002073,0.002073,-0.002073,0.002073
2022-10-29,0.000000,0.000000,0.000000,0.000000,0.000000,0.000000,0.000000,0.000000,0.000000,0.000000,0.000000,0.000000,0.000000,0.000000,0.000000,0.000000,0.000000
2022-10-30,0.021073,-0.005487,-0.005487,0.005487,0.000729,0.005487,0.005487,-0.005487,-0.005487,0.005487,0.005487,-0.000729,0.005487,-0.005487,-0.005487,0.005487,-0.000729
2022-10-31,0.000000,0.000000,0.000000,0.000000,0.000000,0.000000,0.000000,0.000000,0.000000,0.000000,0.000000,0.000000,0.000000,0.000000,0.000000,0.000000,0.000000
2022-11-01,0.000000,0.000000,0.000000,0.000000,0.000000,0.000000,0.000000,0.000000,0.000000,0.000000,0.000000,0.000000,0.000000,0.000000,0.000000,0.000000,0.000000
2022-11-02,-0.049444,0.024722,0.024722,-0.024722,-0.024722,-0.024722,-0.024722,0.024722,0.024722,-0.024722,-0.024722,0.024722,-0.024722,0.024722,0.024722,-0.024722,0.024722
2022-11-03,0.000000,0.000000,0.000000,0.000000,0.000000,0.000000,0.000000,0.000000,0.000000,0.000000,0.000000,0.000000,0.000000,0.000000,0.000000,0.000000,0.000000
2022-11-04,-0.037625,0.018812,0.018812,-0.018812,0.018812,-0.018812,-0.018812,0.018812,0.018812,-0.018812,-0.018812,0.018812,-0.018812,0.018812,0.018812,-0.018812,0.018812
2022-11-05,0.000000,0.000000,0.000000,0.000000,0.000000,0.000000,0.000000,0.000000,0.000000,0.000000,0.000000,0.000000,0.000000,0.000000,0.000000,0.000000,0.000000
2022-11-06,-0.033310,0.016655,0.016655,-0.016655,0.016655,-0.016655,-0.016655,0.016655,0.016655,-0.016655,-0.016655,0.014804,-0.016655,0.016655,0.016655,-0.016655,0.014804
2022-11-07,0.000000,0.000000,0.000000,0.000000,0.000000,0.000000,0.000000,0.000000,0.000000,0.000000,0.000000,0.000000,0.000000,0.000000,0.000000,0.000000,0.000000
2022-11-08,0.000000,0.000000,0.000000,0.000000,0.000000,0.000000,0.000000,0.000000,0.000000,0.000000,0.000000,0.000000,0.000000,0.000000,0.000000,0.000000,0.000000
2022-11-09,-0.029064,0.014532,0.014532,-0.014532,0.014532,-0.014532,-0.014532,0.029064,0.014532,-0.014532,-0.014532,-0.014532,-0.014532,0.014532,0.014532,-0.014532,0.014532
2022-11-10,0.000000,0.000000,0.000000,0.000000,0.000000,0.000000,0.000000,0.000000,0.000000,0.000000,0.000000,0.000000,0.000000,0.000000,0.000000,0.000000,0.000000
2022-11-11,-0.009446,0.004723,0.004723,-0.004723,0.004723,-0.004723,-0.004723,0.009446,0.004723,-0.004723,-0.004723,-0.004723,-0.004723,0.004723,0.004723,-0.004723,0.004723
2022-11-12,0.000000,0.000000,0.000000,0.000000,0.000000,0.000000,0.000000,0.000000,0.000000,0.000000,0.000000,0.000000,0.000000,0.000000,0.000000,0.000000,0.000000
2022-11-13,-0.008105,0.004052,0.004052,-0.008105,0.004052,-0.004052,-0.004052,0.008105,0.004052,0.004052,-0.004052,-0.004052,0.004052,0.004052,0.004052,-0.004052,0.004052
2022-11-14,0.000000,0.000000,0.000000,0.000000,0.000000,0.000000,0.000000,0.000000,0.000000,0.000000,0.000000,0.000000,0.000000,0.000000,0.000000,0.000000,0.000000
2022-11-15,0.000000,0.000000,0.000000,0.000000,0.000000,0.000000,0.000000,0.000000,0.000000,0.000000,0.000000,0.000000,0.000000,0.000000,0.000000,0.000000,0.000000
2022-11-16,0.012924,-0.006462,-0.006462,0.012924,-0.006462,0.006462,0.006462,-0.012924,-0.006462,-0.006462,0.006462,0.006462,-0.006462,-0.006462,-0.006462,0.006462,-0.006462
2022-11-17,0.000000,0.000000,0.000000,0.000000,0.000000,0.000000,0.000000,0.000000,0.000000,0.000000,0.000000,0.000000,0.000000,0.000000,0.000000,0.000000,0.000000
2022-11-18,0.088191,-0.044095,-0.044095,0.088191,-0.044095,0.044095,0.044095,-0.088191,-0.044095,-0.033071,0.044095,0.044095,-0.033071,-0.044095,-0.044095,0.044095,-0.033071
2022-11-19,0.000000,0.000000,0.000000,0.000000,0.000000,0.000000,0.000000,0.000000,0.000000,0.000000,0.000000,0.000000,0.000000,0.000000,0.000000,0.000000,0.000000
2022-11-20,-0.046031,0.023015,0.023015,-0.046031,0.023015,-0.023015,-0.023015,0.046031,0.023015,0.020458,-0.023015,-0.023015,0.020458,0.023015,0.023015,-0.023015,0.020458
2022-11-21,0.000000,0.000000,0.000000,0.000000,0.000000,0.000000,0.000000,0.000000,0.000000,0.000000,0.000000,0.000000,0.000000,0.000000,0.000000,0.000000,0.000000
2022-11-22,0.000000,0.000000,0.000000,0.000000,0.000000,0.000000,0.000000,0.000000,0.000000,0.000000,0.000000,0.000000,0.000000,0.000000,0.000000,0.000000,0.000000
2022-11-23,-0.002896,0.001448,0.002896,-0.001448,0.001448,-0.001448,-0.002896,0.002896,0.001448,-0.001448,-0.001448,-0.001448,0.001287,0.001448,0.001448,-0.001448,0.001287
2022-11-24,0.000000,0.000000,0.000000,0.000000,0.000000,0.000000,0.000000,0.000000,0.000000,0.000000,0.000000,0.000000,0.000000,0.000000,0.000000,0.000000,0.000000
2022-11-25,0.018658,-0.009329,-0.018658,0.009329,-0.009329,0.009329,0.018658,-0.018658,-0.009329,0.009329,0.009329,0.009329,-0.009329,-0.009329,-0.009329,0.009329,-0.009329
2022-11-26,0.000000,0.000000,0.000000,0.000000,0.000000,0.000000,0.000000,0.000000,0.000000,0.000000,0.000000,0.000000,0.000000,0.000000,0.000000,0.000000,0.000000
2022-11-27,0.004849,-0.002424,-0.004849,0.002424,-0.002424,0.002424,0.004849,-0.004849,-0.002424,0.002424,0.002424,0.002424,-0.002424,-0.002424,-0.002424,0.002424,-0.002424
2022-11-28,0.000000,0.000000,0.000000,0.000000,0.000000,0.000000,0.000000,0.000000,0.000000,0.000000,0.000000,0.000000,0.000000,0.000000,0.000000,0.000000,0.000000
2022-11-29,0.000000,0.000000,0.000000,0.000000,0.000000,0.000000,0.000000,0.000000,0.000000,0.000000,0.000000,0.000000,0.000000,0.000000,0.000000,0.000000,0.000000
2022-11-30,-0.003120,0.001560,0.003120,-0.001560,0.001560,-0.001560,-0.003120,0.003120,0.001560,-0.001560,-0.001560,-0.001560,0.001560,0.001560,0.001560,-0.001560,0.001560
2022-12-01,0.000000,0.000000,0.000000,0.000000,0.000000,0.000000,0.000000,0.000000,0.000000,0.000000,0.000000,0.000000,0.000000,0.000000,0.000000,0.000000,0.000000
2022-12-02,0.022868,-0.011434,-0.022868,0.011434,-0.011434,0.011434,0.022868,-0.022868,-0.011434,0.011434,0.011434,0.011434,-0.011434,-0.011434,-0.011434,0.011434,-0.011434
2022-12-03,0.000000,0.000000,0.000000,0.000000,0.000000,0.000000,0.000000,0.000000,0.000000,0.000000,0.000000,0.000000,0.000000,0.000000,0.000000,0.000000,0.000000
2022-12-04,-0.007489,0.003745,0.003745,-0.003745,0.003745,-0.003745,-0.007489,0.007489,0.003745,-0.003745,-0.003745,-0.003745,0.003745,0.003745,0.003745,-0.003745,0.003745
2022-12-05,0.000000,0.000000,0.000000,0.000000,0.000000,0.000000,0.000000,0.000000,0.000000,0.000000,0.000000,0.000000,0.000000,0.000000,0.000000,0.000000,0.000000
2022-12-06,0.000000,0.000000,0.000000,0.000000,0.000000,0.000000,0.000000,0.000000,0.000000,0.000000,0.000000,0.000000,0.000000,0.000000,0.000000,0.000000,0.000000
2022-12-07,-0.007438,0.003719,0.003719,-0.003719,0.003719,-0.003719,-0.007438,0.007438,0.003719,-0.003719,-0.003719,-0.003719,0.003719,0.003719,0.003719,-0.003719,0.003719
2022-12-08,0.000000,0.000000,0.000000,0.000000,0.000000,0.000000,0.000000,0.000000,0.000000,0.000000,0.000000,0.000000,0.000000,0.000000,0.000000,0.000000,0.000000
2022-12-09,0.012153,0.004332,0.004332,-0.004332,0.004332,-0.004332,-0.008665,0.008665,0.004332,-0.004332,-0.004332,-0.004332,-0.004332,0.004332,0.004332,-0.004332,0.009043
2022-12-10,0.000000,0.000000,0.000000,0.000000,0.000000,0.000000,0.000000,0.000000,0.000000,0.000000,0.000000,0.000000,0.000000,0.000000,0.000000,0.000000,0.000000
2022-12-11,-0.003123,0.001561,0.001561,-0.001561,0.001561,-0.001561,-0.003123,0.003123,0.001561,-0.001561,-0.001561,-0.001561,-0.001561,0.001561,0.001561,-0.001561,0.001561
2022-12-12,0.000000,0.000000,0.000000,0.000000,0.000000,0.000000,0.000000,0.000000,0.000000,0.000000,0.000000,0.000000,0.000000,0.000000,0.000000,0.000000,0.000000
2022-12-13,0.000000,0.000000,0.000000,0.000000,0.000000,0.000000,0.000000,0.000000,0.000000,0.000000,0.000000,0.000000,0.000000,0.000000,0.000000,0.000000,0.000000
2022-12-14,-0.012288,0.006144,0.006144,-0.006144,0.006144,-0.006144,-0.012288,0.012288,0.006144,-0.006144,-0.006144,0.006144,-0.006144,0.006144,0.006144,-0.006144,0.006144
2022-12-15,0.000000,0.000000,0.000000,0.000000,0.000000,0.000000,0.000000,0.000000,0.000000,0.000000,0.000000,0.000000,0.000000,0.000000,0.000000,0.000000,0.000000
2022-12-16,0.038204,0.000000,0.000000,0.000000,0.000000,0.000000,0.000000,0.000000,0.000000,0.000000,0.000000,-0.001708,0.000000,0.000000,0.000000,0.000000,0.000000
2022-12-17,0.000000,0.000000,0.000000,0.000000,0.000000,0.000000,0.000000,0.000000,0.000000,0.000000,0.000000,0.000000,0.000000,0.000000,0.000000,0.000000,0.000000
2022-12-18,0.008115,-0.000252,-0.000252,0.000252,-0.000252,0.000252,0.000503,-0.000503,-0.000252,0.000252,0.000252,0.000252,0.000252,-0.000252,-0.000252,0.000252,0.000252
2022-12-19,0.000000,0.000000,0.000000,0.000000,0.000000,0.000000,0.000000,0.000000,0.000000,0.000000,0.000000,0.000000,0.000000,0.000000,0.000000,0.000000,0.000000
2022-12-20,0.000000,0.000000,0.000000,0.000000,0.000000,0.000000,0.000000,0.000000,0.000000,0.000000,0.000000,0.000000,0.000000,0.000000,0.000000,0.000000,0.000000
2022-12-21,0.046225,-0.023112,-0.023112,0.023112,-0.023112,0.023112,0.046225,-0.046225,-0.023112,0.023112,0.023112,0.023112,0.023112,-0.023112,-0.023112,0.023112,0.023112
2022-12-22,0.000000,0.000000,0.000000,0.000000,0.000000,0.000000,0.000000,0.000000,0.000000,0.000000,0.000000,0.000000,0.000000,0.000000,0.000000,0.000000,0.000000
2022-12-23,-0.008497,0.004248,0.004248,-0.008497,0.004248,-0.004248,-0.008497,0.008497,0.004248,-0.004248,-0.004248,-0.004248,-0.004248,0.004248,0.004248,-0.004248,-0.004248
2022-12-24,0.000000,0.000000,0.000000,0.000000,0.000000,0.000000,0.000000,0.000000,0.000000,0.000000,0.000000,0.000000,0.000000,0.000000,0.000000,0.000000,0.000000
2022-12-25,0.010765,-0.005382,-0.005382,0.010765,-0.005382,0.005382,0.010765,-0.010765,-0.005382,0.005382,0.005382,0.005382,0.005382,-0.005382,-0.005382,0.005382,0.005382
2022-12-26,0.000000,0.000000,0.000000,0.000000,0.000000,0.000000,0.000000,0.000000,0.000000,0.000000,0.000000,0.000000,0.000000,0.000000,0.000000,0.000000,0.000000
2022-12-27,0.000000,0.000000,0.000000,0.000000,0.000000,0.000000,0.000000,0.000000,0.000000,0.000000,0.000000,0.000000,0.000000,0.000000,0.000000,0.000000,0.000000
2022-12-28,-0.015391,0.007695,0.007695,-0.015391,0.007695,-0.007695,-0.015391,0.015391,0.007695,-0.007695,-0.007695,-0.007695,-0.007695,0.007695,0.007695,-0.007695,-0.007695
2022-12-29,0.000000,0.000000,0.000000,0.000000,0.000000,0.000000,0.000000,0.000000,0.000000,0.000000,0.000000,0.000000,0.000000,0.000000,0.000000,0.000000,0.000000
2022-12-30,0.000395,-0.000198,-0.000198,0.000395,-0.000198,0.000198,0.000395,-0.000395,-0.000198,0.000198,0.000198,0.000198,0.000198,-0.000198,-0.000198,0.000198,0.000198
2022-12-31,0.000000,0.000000,0.000000,0.000000,0.000000,0.000000,0.000000,0.000000,0.000000,0.000000,0.000000,0.000000,0.000000,0.000000,0.000000,0.000000,0.000000
2023-01-01,0.008033,-0.001659,-0.001659,0.003317,-0.001659,0.001659,0.003317,-0.003317,-0.001659,0.001659,0.001659,0.001659,0.001659,-0.001659,-0.001659,0.001659,0.001659
2023-01-02,0.000000,0.000000,0.000000,0.000000,0.000000,0.000000,0.000000,0.000000,0.000000,0.000000,0.000000,0.000000,0.000000,0.000000,0.000000,0.000000,0.000000
2023-01-03,0.000000,0.000000,0.000000,0.000000,0.000000,0.000000,0.000000,0.000000,0.000000,0.000000,0.000000,0.000000,0.000000,0.000000,0.000000,0.000000,0.000000
2023-01-04,0.038262,-0.019131,-0.019131,0.038262,-0.019131,0.019131,0.038262,-0.038262,-0.019131,0.019131,0.019131,0.019131,0.019131,-0.019131,-0.019131,0.019131,0.019131
2023-01-05,0.000000,0.000000,0.000000,0.000000,0.000000,0.000000,0.000000,0.000000,0.000000,0.000000,0.000000,0.000000,0.000000,0.000000,0.000000,0.000000,0.000000
2023-01-06,0.022550,-0.011275,-0.011275,0.022550,-0.011275,0.011275,0.022550,-0.022550,-0.011275,0.011275,0.011275,0.011275,0.011275,-0.011275,-0.011275,0.011275,0.011275
2023-01-07,0.000000,0.000000,0.000000,0.000000,0.000000,0.000000,0.000000,0.000000,0.000000,0.000000,0.000000,0.000000,0.000000,0.000000,0.000000,0.000000,0.000000
2023-01-08,0.036433,-0.018217,-0.018217,0.036433,-0.018217,0.018217,0.018217,0.018217,-0.018217,0.018217,0.018217,0.018217,0.018217,-0.018217,-0.018217,0.018217,0.018217
2023-01-09,0.000000,0.000000,0.000000,0.000000,0.000000,0.000000,0.000000,0.000000,0.000000,0.000000,0.000000,0.000000,0.000000,0.000000,0.000000,0.000000,0.000000
2023-01-10,0.000000,0.000000,0.000000,0.000000,0.000000,0.000000,0.000000,0.000000,0.000000,0.000000,0.000000,0.000000,0.000000,0.000000,0.000000,0.000000,0.000000
2023-01-11,0.006601,-0.003301,-0.003301,0.006601,-0.003301,0.003301,0.003301,0.003301,-0.003301,0.003301,0.003301,0.003301,0.003301,-0.003301,-0.003301,0.003301,0.003301
2023-01-12,0.000000,0.000000,0.000000,0.000000,0.000000,0.000000,0.000000,0.000000,0.000000,0.000000,0.000000,0.000000,0.000000,0.000000,0.000000,0.000000,0.000000
2023-01-13,-0.021567,0.010784,0.010784,-0.021567,0.010784,-0.010784,-0.010784,-0.010784,0.010784,-0.010784,-0.010784,-0.010784,-0.010784,0.010784,0.010784,-0.010784,-0.010784
2023-01-14,0.000000,0.000000,0.000000,0.000000,0.000000,0.000000,0.000000,0.000000,0.000000,0.000000,0.000000,0.000000,0.000000,0.000000,0.000000,0.000000,0.000000
2023-01-15,0.011715,-0.005857,-0.005857,0.011715,-0.005857,0.005857,0.005857,0.005857,-0.005857,0.005857,0.005857,0.005857,0.005857,-0.005857,-0.005857,0.005857,0.005857
2023-01-16,0.000000,0.000000,0.000000,0.000000,0.000000,0.000000,0.000000,0.000000,0.000000,0.000000,0.000000,0.000000,0.000000,0.000000,0.000000,0.000000,0.000000
2023-01-17,0.000000,0.000000,0.000000,0.000000,0.000000,0.000000,0.000000,0.000000,0.000000,0.000000,0.000000,0.000000,0.000000,0.000000,0.000000,0.000000,0.000000
2023-01-18,0.061341,-0.030671,-0.030671,0.061341,-0.030671,0.030671,0.030671,0.030671,-0.030671,0.030671,0.030671,0.030671,0.061341,-0.030671,-0.030671,0.030671,0.030671
2023-01-19,0.000000,0.000000,0.000000,0.000000,0.000000,0.000000,0.000000,0.000000,0.000000,0.000000,0.000000,0.000000,0.000000,0.000000,0.000000,0.000000,0.000000
2023-01-20,0.020302,-0.010151,-0.010151,0.020302,-0.010151,0.010151,0.010151,0.010151,-0.010151,0.010151,0.010151,0.010151,0.020302,-0.010151,-0.010151,0.010151,0.010151
2023-01-21,0.000000,0.000000,0.000000,0.000000,0.000000,0.000000,0.000000,0.000000,0.000000,0.000000,0.000000,0.000000,0.000000,0.000000,0.000000,0.000000,0.000000
2023-01-22,-0.018189,0.012744,0.012744,-0.025488,0.012744,-0.012744,-0.012744,0.012744,0.012744,-0.012744,-0.012744,-0.012744,-0.012744,0.012744,0.012744,-0.012744,-0.012744
2023-01-23,0.000000,0.000000,0.000000,0.000000,0.000000,0.000000,0.000000,0.000000,0.000000,0.000000,0.000000,0.000000,0.000000,0.000000,0.000000,0.000000,0.000000
2023-01-24,0.000000,0.000000,0.000000,0.000000,0.000000,0.000000,0.000000,0.000000,0.000000,0.000000,0.000000,0.000000,0.000000,0.000000,0.000000,0.000000,0.000000
2023-01-25,-0.015277,0.007638,0.007638,-0.015277,0.007638,-0.007638,-0.007638,0.007638,0.007638,-0.007638,-0.007638,-0.007638,-0.007638,0.015277,0.007638,-0.015277,-0.007638
2023-01-26,0.000000,0.000000,0.000000,0.000000,0.000000,0.000000,0.000000,0.000000,0.000000,0.000000,0.000000,0.000000,0.000000,0.000000,0.000000,0.000000,0.000000
2023-01-27,0.005203,-0.002602,-0.002602,0.005203,-0.002602,0.002602,0.002602,-0.002602,-0.002602,0.002602,0.002602,0.002602,0.002602,-0.005203,-0.002602,0.005203,0.002602
2023-01-28,0.000000,0.000000,0.000000,0.000000,0.000000,0.000000,0.000000,0.000000,0.000000,0.000000,0.000000,0.000000,0.000000,0.000000,0.000000,0.000000,0.000000
2023-01-29,-0.059085,0.029543,0.029543,-0.059085,0.029543,-0.029543,-0.029543,0.029543,0.029543,-0.029543,-0.029543,-0.029543,-0.029543,0.059085,0.029543,-0.059085,-0.029543
2023-01-30,0.000000,0.000000,0.000000,0.000000,0.000000,0.000000,0.000000,0.000000,0.000000,0.000000,0.000000,0.000000,0.000000,0.000000,0.000000,0.000000,0.000000
2023-01-31,0.000000,0.000000,0.000000,0.000000,0.000000,0.000000,0.000000,0.000000,0.000000,0.000000,0.000000,0.000000,0.000000,0.000000,0.000000,0.000000,0.000000
2023-02-01,0.076358,-0.038179,-0.038179,0.076358,-0.038179,0.038179,0.038179,-0.038179,-0.038179,0.038179,0.038179,0.038179,0.038179,-0.038179,-0.038179,0.076358,0.038179
2023-02-02,0.000000,0.000000,0.000000,0.000000,0.000000,0.000000,0.000000,0.000000,0.000000,0.000000,0.000000,0.000000,0.000000,0.000000,0.000000,0.000000,0.000000
2023-02-03,-0.064736,0.032368,0.032368,-0.064736,0.032368,-0.032368,-0.032368,0.032368,0.032368,-0.032368,-0.032368,-0.032368,-0.032368,0.032368,0.032368,-0.064736,-0.032368
2023-02-04,0.000000,0.000000,0.000000,0.000000,0.000000,0.000000,0.000000,0.000000,0.000000,0.000000,0.000000,0.000000,0.000000,0.000000,0.000000,0.000000,0.000000
2023-02-05,0.001142,-0.000571,-0.000571,0.001142,-0.000571,0.000571,0.000571,-0.000571,-0.000571,0.000571,0.000571,0.000571,0.000571,-0.000571,-0.000571,0.001142,0.000571
2023-02-06,0.000000,0.000000,0.000000,0.000000,0.000000,0.000000,0.000000,0.000000,0.000000,0.000000,0.000000,0.000000,0.000000,0.000000,0.000000,0.000000,0.000000
2023-02-07,0.000000,0.000000,0.000000,0.000000,0.000000,0.000000,0.000000,0.000000,0.000000,0.000000,0.000000,0.000000,0.000000,0.000000,0.000000,0.000000,0.000000
2023-02-08,-0.057693,0.028846,0.028846,-0.057693,0.028846,-0.028846,-0.028846,0.057693,0.028846,-0.028846,-0.028846,-0.057693,-0.028846,0.028846,0.028846,-0.057693,-0.028846
2023-02-09,0.000000,0.000000,0.000000,0.000000,0.000000,0.000000,0.000000,0.000000,0.000000,0.000000,0.000000,0.000000,0.000000,0.000000,0.000000,0.000000,0.000000
2023-02-10,0.028391,-0.014195,-0.014195,0.028391,-0.014195,0.014195,0.014195,-0.028391,-0.014195,0.014195,0.014195,0.028391,0.014195,-0.014195,-0.014195,0.014195,0.014195
2023-02-11,0.000000,0.000000,0.000000,0.000000,0.000000,0.000000,0.000000,0.000000,0.000000,0.000000,0.000000,0.000000,0.000000,0.000000,0.000000,0.000000,0.000000
2023-02-12,-0.001704,0.000852,0.000852,-0.001704,0.001704,-0.000852,-0.000852,0.001704,0.000852,-0.000852,-0.000852,-0.001704,-0.000852,0.000852,0.000852,-0.000852,-0.000852
2023-02-13,0.000000,0.000000,0.000000,0.000000,0.000000,0.000000,0.000000,0.000000,0.000000,0.000000,0.000000,0.000000,0.000000,0.000000,0.000000,0.000000,0.000000
2023-02-14,0.000000,0.000000,0.000000,0.000000,0.000000,0.000000,0.000000,0.000000,0.000000,0.000000,0.000000,0.000000,0.000000,0.000000,0.000000,0.000000,0.000000
2023-02-15,-0.011859,0.005929,0.005929,-0.011859,0.011859,-0.005929,-0.005929,0.011859,0.005929,-0.005929,-0.005929,-0.011859,-0.005929,0.005929,0.005929,-0.005929,-0.005929
2023-02-16,0.000000,0.000000,0.000000,0.000000,0.000000,0.000000,0.000000,0.000000,0.000000,0.000000,0.000000,0.000000,0.000000,0.000000,0.000000,0.000000,0.000000
2023-02-17,0.021086,-0.010543,-0.010543,0.021086,-0.021086,0.010543,0.010543,-0.021086,-0.010543,0.010543,0.010543,0.021086,0.010543,-0.010543,-0.021086,0.010543,0.010543
2023-02-18,0.000000,0.000000,0.000000,0.000000,0.000000,0.000000,0.000000,0.000000,0.000000,0.000000,0.000000,0.000000,0.000000,0.000000,0.000000,0.000000,0.000000
2023-02-19,0.003321,-0.001661,-0.001661,0.003321,-0.003321,0.001661,0.001661,-0.003321,-0.001661,0.001661,0.001661,0.003321,0.001661,-0.001661,-0.003321,0.001661,0.001661
2023-02-20,0.000000,0.000000,0.000000,0.000000,0.000000,0.000000,0.000000,0.000000,0.000000,0.000000,0.000000,0.000000,0.000000,0.000000,0.000000,0.000000,0.000000
2023-02-21,0.000000,0.000000,0.000000,0.000000,0.000000,0.000000,0.000000,0.000000,0.000000,0.000000,0.000000,0.000000,0.000000,0.000000,0.000000,0.000000,0.000000
2023-02-22,0.001406,-0.000703,-0.000703,0.000703,-0.001406,0.000703,0.000703,-0.000703,-0.000703,0.000703,0.000703,0.001406,0.000703,-0.000703,-0.001406,0.000703,0.000703
2023-02-23,0.000000,0.000000,0.000000,0.000000,0.000000,0.000000,0.000000,0.000000,0.000000,0.000000,0.000000,0.000000,0.000000,0.000000,0.000000,0.000000,0.000000
2023-02-24,-0.044023,0.022012,0.022012,-0.022012,0.044023,-0.022012,-0.022012,0.022012,0.022012,-0.022012,-0.022012,-0.044023,-0.022012,0.022012,0.044023,-0.022012,-0.022012
2023-02-25,0.000000,0.000000,0.000000,0.000000,0.000000,0.000000,0.000000,0.000000,0.000000,0.000000,0.000000,0.000000,0.000000,0.000000,0.000000,0.000000,0.000000
2023-02-26,0.011531,-0.005766,-0.005766,0.005766,-0.011531,0.005766,0.005766,-0.005766,-0.005766,0.011531,0.005766,0.005766,0.005766,-0.005766,-0.011531,0.011531,0.011531
2023-02-27,0.000000,0.000000,0.000000,0.000000,0.000000,0.000000,0.000000,0.000000,0.000000,0.000000,0.000000,0.000000,0.000000,0.000000,0.000000,0.000000,0.000000
2023-02-28,0.000000,0.000000,0.000000,0.000000,0.000000,0.000000,0.000000,0.000000,0.000000,0.000000,0.000000,0.000000,0.000000,0.000000,0.000000,0.000000,0.000000
2023-03-01,0.013316,-0.006658,-0.006658,0.006658,-0.013316,0.006658,0.006658,-0.006658,-0.006658,0.013316,0.006658,0.006658,0.006658,-0.006658,-0.013316,0.013316,0.013316
2023-03-02,0.000000,0.000000,0.000000,0.000000,0.000000,0.000000,0.000000,0.000000,0.000000,0.000000,0.000000,0.000000,0.000000,0.000000,0.000000,0.000000,0.000000
2023-03-03,0.012431,-0.006216,-0.012431,0.006216,-0.012431,0.006216,0.006216,-0.006216,-0.006216,0.012431,0.006216,0.006216,0.006216,-0.006216,-0.012431,0.012431,0.012431
2023-03-04,0.000000,0.000000,0.000000,0.000000,0.000000,0.000000,0.000000,0.000000,0.000000,0.000000,0.000000,0.000000,0.000000,0.000000,0.000000,0.000000,0.000000
2023-03-05,0.015425,-0.007712,-0.015425,0.007712,-0.015425,0.007712,0.007712,-0.007712,-0.007712,0.015425,0.007712,0.007712,0.007712,-0.007712,-0.015425,0.007712,0.015425
2023-03-06,0.000000,0.000000,0.000000,0.000000,0.000000,0.000000,0.000000,0.000000,0.000000,0.000000,0.000000,0.000000,0.000000,0.000000,0.000000,0.000000,0.000000
2023-03-07,0.000000,0.000000,0.000000,0.000000,0.000000,0.000000,0.000000,0.000000,0.000000,0.000000,0.000000,0.000000,0.000000,0.000000,0.000000,0.000000,0.000000
2023-03-08,-0.014144,0.007072,0.014144,-0.007072,0.014144,-0.007072,-0.007072,0.007072,0.007072,-0.014144,-0.014144,-0.007072,-0.007072,0.007072,0.014144,-0.007072,-0.014144
2023-03-09,0.000000,0.000000,0.000000,0.000000,0.000000,0.000000,0.000000,0.000000,0.000000,0.000000,0.000000,0.000000,0.000000,0.000000,0.000000,0.000000,0.000000
2023-03-10,-0.024609,0.012305,0.024609,-0.012305,0.024609,-0.012305,-0.012305,0.012305,0.012305,-0.024609,-0.024609,-0.012305,-0.012305,0.012305,0.024609,-0.012305,-0.024609
2023-03-11,0.000000,0.000000,0.000000,0.000000,0.000000,0.000000,0.000000,0.000000,0.000000,0.000000,0.000000,0.000000,0.000000,0.000000,0.000000,0.000000,0.000000
2023-03-12,0.064379,-0.032189,-0.064379,0.032189,-0.064379,0.032189,0.032189,-0.032189,-0.032189,0.064379,0.064379,0.032189,0.032189,-0.032189,-0.064379,0.032189,0.064379
2023-03-13,0.000000,0.000000,0.000000,0.000000,0.000000,0.000000,0.000000,0.000000,0.000000,0.000000,0.000000,0.000000,0.000000,0.000000,0.000000,0.000000,0.000000
2023-03-14,0.000000,0.000000,0.000000,0.000000,0.000000,0.000000,0.000000,0.000000,0.000000,0.000000,0.000000,0.000000,0.000000,0.000000,0.000000,0.000000,0.000000
2023-03-15,-0.016112,0.008056,0.016112,-0.016112,0.008056,-0.008056,-0.008056,0.008056,0.008056,-0.016112,-0.016112,-0.008056,-0.008056,0.008056,0.016112,-0.008056,-0.016112
2023-03-16,0.000000,0.000000,0.000000,0.000000,0.000000,0.000000,0.000000,0.000000,0.000000,0.000000,0.000000,0.000000,0.000000,0.000000,0.000000,0.000000,0.000000
2023-03-17,0.046880,-0.013810,-0.027621,0.027621,-0.013810,0.013810,0.013810,-0.013810,-0.013810,0.027621,0.027621,0.013810,0.013810,-0.013810,-0.027621,0.013810,0.027621
2023-03-18,0.000000,0.000000,0.000000,0.000000,0.000000,0.000000,0.000000,0.000000,0.000000,0.000000,0.000000,0.000000,0.000000,0.000000,0.000000,0.000000,0.000000
2023-03-19,0.072407,-0.036203,-0.072407,0.072407,-0.036203,0.036203,0.036203,-0.036203,-0.036203,0.072407,0.036203,0.036203,0.072407,-0.036203,-0.072407,0.036203,0.072407
2023-03-20,0.000000,0.000000,0.000000,0.000000,0.000000,0.000000,0.000000,0.000000,0.000000,0.000000,0.000000,0.000000,0.000000,0.000000,0.000000,0.000000,0.000000
2023-03-21,0.000000,0.000000,0.000000,0.000000,0.000000,0.000000,0.000000,0.000000,0.000000,0.000000,0.000000,0.000000,0.000000,0.000000,0.000000,0.000000,0.000000
2023-03-22,0.041473,-0.028325,-0.056651,0.056651,-0.028325,0.028325,0.028325,-0.028325,-0.028325,0.056651,0.028325,0.028325,0.056651,-0.056651,-0.056651,0.028325,0.056651
2023-03-23,0.000000,0.000000,0.000000,0.000000,0.000000,0.000000,0.000000,0.000000,0.000000,0.000000,0.000000,0.000000,0.000000,0.000000,0.000000,0.000000,0.000000
2023-03-24,-0.016202,0.016202,0.008101,-0.008101,0.016202,-0.008101,-0.016202,0.016202,0.008101,-0.008101,-0.008101,-0.008101,-0.008101,0.016202,0.016202,-0.008101,-0.016202
2023-03-25,0.000000,0.000000,0.000000,0.000000,0.000000,0.000000,0.000000,0.000000,0.000000,0.000000,0.000000,0.000000,0.000000,0.000000,0.000000,0.000000,0.000000
2023-03-26,-0.008673,0.009082,0.004541,-0.004541,0.009082,-0.004541,-0.009082,0.009082,0.004541,-0.004541,-0.004541,-0.004541,-0.004541,0.009082,0.009082,-0.004541,-0.009082
2023-03-27,0.000000,0.000000,0.000000,0.000000,0.000000,0.000000,0.000000,0.000000,0.000000,0.000000,0.000000,0.000000,0.000000,0.000000,0.000000,0.000000,0.000000
2023-03-28,0.000000,0.000000,0.000000,0.000000,0.000000,0.000000,0.000000,0.000000,0.000000,0.000000,0.000000,0.000000,0.000000,0.000000,0.000000,0.000000,0.000000
2023-03-29,-0.007533,0.004845,0.002422,-0.002422,0.004845,-0.002422,-0.004845,0.004845,0.002422,-0.002422,0.001797,-0.002422,-0.002422,0.004845,0.004845,-0.002422,-0.002422
2023-03-30,0.000000,0.000000,0.000000,0.000000,0.000000,0.000000,0.000000,0.000000,0.000000,0.000000,0.000000,0.000000,0.000000,0.000000,0.000000,0.000000,0.000000
2023-03-31,0.000511,-0.004683,-0.002342,0.002342,-0.004683,0.002342,0.004683,-0.004683,-0.002342,0.002342,-0.013284,0.002342,0.002342,-0.004683,-0.004683,0.002342,0.002342
2023-04-01,0.000000,0.000000,0.000000,0.000000,0.000000,0.000000,0.000000,0.000000,0.000000,0.000000,0.000000,0.000000,0.000000,0.000000,0.000000,0.000000,0.000000
2023-04-02,0.005878,-0.005878,-0.002939,0.002939,-0.005878,0.002939,0.005878,-0.005878,-0.002939,0.002939,0.002939,0.005878,0.005878,-0.005878,-0.005878,0.002939,0.002939
2023-04-03,0.000000,0.000000,0.000000,0.000000,0.000000,0.000000,0.000000,0.000000,0.000000,0.000000,0.000000,0.000000,0.000000,0.000000,0.000000,0.000000,0.000000
2023-04-04,0.000000,0.000000,0.000000,0.000000,0.000000,0.000000,0.000000,0.000000,0.000000,0.000000,0.000000,0.000000,0.000000,0.000000,0.000000,0.000000,0.000000
2023-04-05,-0.005101,0.005101,0.002551,-0.002551,0.005101,-0.002551,-0.005101,0.005101,0.002551,-0.002551,-0.002551,-0.005101,-0.005101,0.005101,0.005101,-0.002551,-0.002551
2023-04-06,0.000000,0.000000,0.000000,0.000000,0.000000,0.000000,0.000000,0.000000,0.000000,0.000000,0.000000,0.000000,0.000000,0.000000,0.000000,0.000000,0.000000
2023-04-07,0.002714,-0.002714,-0.001357,0.001357,-0.002714,0.001357,0.002714,-0.002714,-0.001357,0.001357,0.002714,0.001357,0.002714,-0.002714,-0.002714,0.001357,0.002714
2023-04-08,0.000000,0.000000,0.000000,0.000000,0.000000,0.000000,0.000000,0.000000,0.000000,0.000000,0.000000,0.000000,0.000000,0.000000,0.000000,0.000000,0.000000
2023-04-09,-0.001237,0.001237,0.000619,-0.000619,0.001237,-0.000619,-0.001237,0.001237,0.000619,-0.000619,-0.001237,-0.000619,-0.001237,0.001237,0.001237,-0.000619,-0.001237
2023-04-10,0.000000,0.000000,0.000000,0.000000,0.000000,0.000000,0.000000,0.000000,0.000000,0.000000,0.000000,0.000000,0.000000,0.000000,0.000000,0.000000,0.000000
2023-04-11,0.000000,0.000000,0.000000,0.000000,0.000000,0.000000,0.000000,0.000000,0.000000,0.000000,0.000000,0.000000,0.000000,0.000000,0.000000,0.000000,0.000000
2023-04-12,0.019880,-0.013625,-0.006812,0.006812,-0.013625,0.006812,0.013625,-0.013625,-0.006812,0.006812,0.013625,0.006812,0.006812,-0.013625,-0.013625,0.006812,0.013625
2023-04-13,0.000000,0.000000,0.000000,0.000000,0.000000,0.000000,0.000000,0.000000,0.000000,0.000000,0.000000,0.000000,0.000000,0.000000,0.000000,0.000000,0.000000
2023-04-14,-0.029819,0.022897,0.011448,-0.011448,0.022897,-0.011448,-0.022897,0.022897,0.011448,-0.011448,-0.022897,-0.011448,-0.011448,0.011448,0.011448,-0.011448,-0.022897
2023-04-15,0.000000,0.000000,0.000000,0.000000,0.000000,0.000000,0.000000,0.000000,0.000000,0.000000,0.000000,0.000000,0.000000,0.000000,0.000000,0.000000,0.000000
2023-04-16,0.015366,-0.008714,-0.004357,0.004357,-0.008714,0.004357,0.008714,-0.008714,-0.004357,0.004357,0.008714,0.004357,0.004357,-0.004357,-0.004357,0.004357,0.008714
2023-04-17,0.000000,0.000000,0.000000,0.000000,0.000000,0.000000,0.000000,0.000000,0.000000,0.000000,0.000000,0.000000,0.000000,0.000000,0.000000,0.000000,0.000000
2023-04-18,0.000000,0.000000,0.000000,0.000000,0.000000,0.000000,0.000000,0.000000,0.000000,0.000000,0.000000,0.000000,0.000000,0.000000,0.000000,0.000000,0.000000
2023-04-19,-0.020925,0.020925,0.010463,-0.010463,0.020925,-0.010463,-0.020925,0.020925,0.010463,-0.010463,-0.020925,-0.010463,-0.010463,0.010463,0.010463,-0.010463,-0.020925
2023-04-20,0.000000,0.000000,0.000000,0.000000,0.000000,0.000000,0.000000,0.000000,0.000000,0.000000,0.000000,0.000000,0.000000,0.000000,0.000000,0.000000,0.000000
2023-04-21,0.011190,-0.011190,-0.005595,0.005595,-0.011190,0.005595,0.011190,-0.011190,-0.005595,0.005595,0.011190,0.005595,0.005595,-0.005595,-0.005595,0.005595,0.011190
2023-04-22,0.000000,0.000000,0.000000,0.000000,0.000000,0.000000,0.000000,0.000000,0.000000,0.000000,0.000000,0.000000,0.000000,0.000000,0.000000,0.000000,0.000000
2023-04-23,-0.012752,0.012752,0.006376,-0.006376,0.006376,-0.012752,-0.012752,0.012752,-0.006376,-0.006376,-0.006376,-0.006376,-0.006376,0.012752,0.006376,-0.006376,-0.006376
2023-04-24,0.000000,0.000000,0.000000,0.000000,0.000000,0.000000,0.000000,0.000000,0.000000,0.000000,0.000000,0.000000,0.000000,0.000000,0.000000,0.000000,0.000000
2023-04-25,0.000000,0.000000,0.000000,0.000000,0.000000,0.000000,0.000000,0.000000,0.000000,0.000000,0.000000,0.000000,0.000000,0.000000,0.000000,0.000000,0.000000
2023-04-26,0.008260,-0.008260,-0.004130,0.004130,-0.004130,0.008260,0.008260,-0.008260,0.004130,0.004130,0.004130,0.004130,0.004130,-0.008260,-0.004130,0.004130,0.004130
2023-04-27,0.000000,0.000000,0.000000,0.000000,0.000000,0.000000,0.000000,0.000000,0.000000,0.000000,0.000000,0.000000,0.000000,0.000000,0.000000,0.000000,0.000000
2023-04-28,-0.003306,0.004118,0.002059,-0.002059,0.002059,-0.004118,-0.004118,0.004118,-0.004108,-0.004118,-0.002059,-0.002059,-0.002059,0.004118,0.002059,-0.002059,-0.002059
2023-04-29,0.000000,0.000000,0.000000,0.000000,0.000000,0.000000,0.000000,0.000000,0.000000,0.000000,0.000000,0.000000,0.000000,0.000000,0.000000,0.000000,0.000000
2023-04-30,-0.012045,0.009531,0.004766,-0.004766,0.004766,-0.009531,-0.009531,0.009531,-0.005848,-0.009531,-0.004766,-0.004766,-0.004766,0.004766,0.004766,-0.004766,-0.009531
2023-05-01,0.000000,0.000000,0.000000,0.000000,0.000000,0.000000,0.000000,0.000000,0.000000,0.000000,0.000000,0.000000,0.000000,0.000000,0.000000,0.000000,0.000000
2023-05-02,0.000000,0.000000,0.000000,0.000000,0.000000,0.000000,0.000000,0.000000,0.000000,0.000000,0.000000,0.000000,0.000000,0.000000,0.000000,0.000000,0.000000
2023-05-03,-0.006528,0.003264,0.003264,-0.003264,0.003264,-0.006528,-0.006528,0.006528,-0.003264,-0.003264,-0.006528,-0.003264,-0.003264,0.003264,0.003264,-0.003264,-0.006528
2023-05-04,0.000000,0.000000,0.000000,0.000000,0.000000,0.000000,0.000000,0.000000,0.000000,0.000000,0.000000,0.000000,0.000000,0.000000,0.000000,0.000000,0.000000
2023-05-05,0.030074,-0.015037,-0.015037,0.015037,-0.015037,0.030074,0.030074,-0.030074,0.015037,0.015037,0.030074,0.015037,0.015037,-0.015037,-0.015037,0.015037,0.030074
2023-05-06,0.000000,0.000000,0.000000,0.000000,0.000000,0.000000,0.000000,0.000000,0.000000,0.000000,0.000000,0.000000,0.000000,0.000000,0.000000,0.000000,0.000000
2023-05-07,-0.008576,0.004288,0.004288,-0.004288,0.004288,-0.004288,-0.004288,0.008576,0.004288,-0.004288,-0.004288,-0.004288,-0.004288,0.004288,0.004288,-0.004288,-0.008576
2023-05-08,0.000000,0.000000,0.000000,0.000000,0.000000,0.000000,0.000000,0.000000,0.000000,0.000000,0.000000,0.000000,0.000000,0.000000,0.000000,0.000000,0.000000
2023-05-09,0.000000,0.000000,0.000000,0.000000,0.000000,0.000000,0.000000,0.000000,0.000000,0.000000,0.000000,0.000000,0.000000,0.000000,0.000000,0.000000,0.000000
2023-05-10,0.011897,-0.005948,-0.005948,0.005948,-0.005948,0.005948,0.005948,-0.011897,-0.005948,0.005948,0.005948,0.005948,0.005948,-0.005948,-0.005948,0.005948,0.011897
2023-05-11,0.000000,0.000000,0.000000,0.000000,0.000000,0.000000,0.000000,0.000000,0.000000,0.000000,0.000000,0.000000,0.000000,0.000000,0.000000,0.000000,0.000000
2023-05-12,0.012752,-0.006376,-0.006376,0.006376,-0.006376,0.006376,0.006376,-0.012752,-0.006376,0.006376,0.012752,0.006376,0.006376,-0.006376,-0.006376,0.006376,0.012752
2023-05-13,0.000000,0.000000,0.000000,0.000000,0.000000,0.000000,0.000000,0.000000,0.000000,0.000000,0.000000,0.000000,0.000000,0.000000,0.000000,0.000000,0.000000
2023-05-14,-0.012051,0.006025,0.006025,-0.006025,0.006025,-0.006025,-0.006025,0.012051,0.006025,-0.006025,-0.012051,-0.006025,-0.006025,0.006025,0.006025,-0.006025,-0.012051
2023-05-15,0.000000,0.000000,0.000000,0.000000,0.000000,0.000000,0.000000,0.000000,0.000000,0.000000,0.000000,0.000000,0.000000,0.000000,0.000000,0.000000,0.000000
2023-05-16,0.000000,0.000000,0.000000,0.000000,0.000000,0.000000,0.000000,0.000000,0.000000,0.000000,0.000000,0.000000,0.000000,0.000000,0.000000,0.000000,0.000000
2023-05-17,0.031351,0.000000,0.000000,0.000000,0.000000,0.000000,0.000000,0.000000,0.000000,0.000000,0.000000,0.000000,-0.021678,0.000000,0.000000,0.000000,0.000000
2023-05-18,0.000000,0.000000,0.000000,0.000000,0.000000,0.000000,0.000000,0.000000,0.000000,0.000000,0.000000,0.000000,0.000000,0.000000,0.000000,0.000000,0.000000
2023-05-19,-0.025323,0.000000,0.000000,0.000000,0.000000,0.000000,0.000000,0.000000,0.000000,0.000000,0.000000,0.000000,-0.010784,0.000000,0.000000,0.000000,0.000000
2023-05-20,0.000000,0.000000,0.000000,0.000000,0.000000,0.000000,0.000000,0.000000,0.000000,0.000000,0.000000,0.000000,0.000000,0.000000,0.000000,0.000000,0.000000
2023-05-21,-0.006646,0.000000,0.000000,0.000000,0.000000,0.000000,0.000000,0.000000,0.000000,0.000000,0.000000,0.000000,-0.007229,0.000000,0.000000,0.000000,0.000000
2023-05-22,0.000000,0.000000,0.000000,0.000000,0.000000,0.000000,0.000000,0.000000,0.000000,0.000000,0.000000,0.000000,0.000000,0.000000,0.000000,0.000000,0.000000
2023-05-23,0.000000,0.000000,0.000000,0.000000,0.000000,0.000000,0.000000,0.000000,0.000000,0.000000,0.000000,0.000000,0.000000,0.000000,0.000000,0.000000,0.000000
2023-05-24,-0.002531,0.000000,0.000000,-0.013545,0.000000,0.000000,0.000000,0.000000,0.000000,0.000000,0.000000,0.000000,-0.013545,0.000000,0.000000,0.000000,0.000000
2023-05-25,0.000000,0.000000,0.000000,0.000000,0.000000,0.000000,0.000000,0.000000,0.000000,0.000000,0.000000,0.000000,0.000000,0.000000,0.000000,0.000000,0.000000
2023-05-26,0.011963,-0.007184,-0.007184,-0.003534,-0.007184,0.014368,0.014368,-0.014368,-0.014368,0.007184,0.014368,0.007184,-0.003534,-0.007184,-0.007184,0.007184,0.014368
2023-05-27,0.000000,0.000000,0.000000,0.000000,0.000000,0.000000,0.000000,0.000000,0.000000,0.000000,0.000000,0.000000,0.000000,0.000000,0.000000,0.000000,0.000000
2023-05-28,0.001244,-0.000622,-0.000622,-0.000691,-0.000622,0.001244,0.001244,-0.001244,-0.001244,0.000622,0.000622,0.001244,-0.000691,-0.000622,-0.000622,0.000622,0.001244
2023-05-29,0.000000,0.000000,0.000000,0.000000,0.000000,0.000000,0.000000,0.000000,0.000000,0.000000,0.000000,0.000000,0.000000,0.000000,0.000000,0.000000,0.000000
2023-05-30,0.000000,0.000000,0.000000,0.000000,0.000000,0.000000,0.000000,0.000000,0.000000,0.000000,0.000000,0.000000,0.000000,0.000000,0.000000,0.000000,0.000000
2023-05-31,0.011796,-0.005898,-0.005898,-0.005898,-0.005898,0.011796,0.011796,-0.011796,-0.011796,0.005898,0.005898,0.011796,-0.005898,-0.005898,-0.005898,0.005898,0.011796
2023-06-01,0.000000,0.000000,0.000000,0.000000,0.000000,0.000000,0.000000,0.000000,0.000000,0.000000,0.000000,0.000000,0.000000,0.000000,0.000000,0.000000,0.000000
2023-06-02,0.003864,-0.004748,-0.009495,0.009495,-0.004748,0.009495,0.009495,-0.009495,-0.009495,0.004748,0.004748,0.009495,-0.004080,-0.004748,-0.004748,0.004748,0.009495
2023-06-03,0.000000,0.000000,0.000000,0.000000,0.000000,0.000000,0.000000,0.000000,0.000000,0.000000,0.000000,0.000000,0.000000,0.000000,0.000000,0.000000,0.000000
2023-06-04,0.000117,-0.000058,-0.000117,0.000117,-0.000058,0.000117,0.000117,-0.000117,-0.000117,0.000058,0.000058,0.000117,-0.000058,-0.000058,-0.000058,0.000058,0.000117
2023-06-05,0.000000,0.000000,0.000000,0.000000,0.000000,0.000000,0.000000,0.000000,0.000000,0.000000,0.000000,0.000000,0.000000,0.000000,0.000000,0.000000,0.000000
2023-06-06,0.000000,0.000000,0.000000,0.000000,0.000000,0.000000,0.000000,0.000000,0.000000,0.000000,0.000000,0.000000,0.000000,0.000000,0.000000,0.000000,0.000000
2023-06-07,-0.039530,0.013296,0.026592,-0.026592,0.013296,-0.026592,-0.026592,0.013296,0.026592,-0.013296,-0.013296,-0.013296,-0.013296,0.013296,0.013296,-0.013296,-0.026592
2023-06-08,0.000000,0.000000,0.000000,0.000000,0.000000,0.000000,0.000000,0.000000,0.000000,0.000000,0.000000,0.000000,0.000000,0.000000,0.000000,0.000000,0.000000
2023-06-09,-0.004686,0.002374,0.004748,-0.004748,0.002374,-0.004748,-0.004748,0.002374,0.004748,-0.002374,-0.002374,-0.002374,-0.002374,0.002374,0.002374,-0.002374,-0.004748
2023-06-10,0.000000,0.000000,0.000000,0.000000,0.000000,0.000000,0.000000,0.000000,0.000000,0.000000,0.000000,0.000000,0.000000,0.000000,0.000000,0.000000,0.000000
2023-06-11,0.010473,-0.003485,-0.003485,0.006971,-0.003485,0.006971,0.006971,-0.003485,-0.006971,0.003485,0.003485,0.003485,0.003485,-0.003485,-0.003485,0.003485,0.006971
2023-06-12,0.000000,0.000000,0.000000,0.000000,0.000000,0.000000,0.000000,0.000000,0.000000,0.000000,0.000000,0.000000,0.000000,0.000000,0.000000,0.000000,0.000000
2023-06-13,0.000000,0.000000,0.000000,0.000000,0.000000,0.000000,0.000000,0.000000,0.000000,0.000000,0.000000,0.000000,0.000000,0.000000,0.000000,0.000000,0.000000
2023-06-14,-0.022885,0.007259,0.007259,-0.014519,0.007259,-0.014519,-0.014519,0.007259,0.014519,-0.007259,-0.007259,-0.007259,-0.007259,0.007259,0.007259,-0.007259,-0.014519
2023-06-15,0.000000,0.000000,0.000000,0.000000,0.000000,0.000000,0.000000,0.000000,0.000000,0.000000,0.000000,0.000000,0.000000,0.000000,0.000000,0.000000,0.000000
2023-06-16,-0.028143,0.014071,0.014071,-0.028143,0.014071,-0.028143,-0.028143,0.014071,0.028143,-0.014071,-0.014071,-0.014071,-0.014071,0.014071,0.014071,-0.014071,-0.028143
2023-06-17,0.000000,0.000000,0.000000,0.000000,0.000000,0.000000,0.000000,0.000000,0.000000,0.000000,0.000000,0.000000,0.000000,0.000000,0.000000,0.000000,0.000000
2023-06-18,0.011449,-0.005724,-0.005724,0.011449,-0.005724,0.011449,0.011449,-0.005724,-0.011449,0.005724,0.005724,0.005724,0.005724,-0.005724,-0.011449,-0.005724,0.011449
2023-06-19,0.000000,0.000000,0.000000,0.000000,0.000000,0.000000,0.000000,0.000000,0.000000,0.000000,0.000000,0.000000,0.000000,0.000000,0.000000,0.000000,0.000000
2023-06-20,0.000000,0.000000,0.000000,0.000000,0.000000,0.000000,0.000000,0.000000,0.000000,0.000000,0.000000,0.000000,0.000000,0.000000,0.000000,0.000000,0.000000
2023-06-21,-0.030826,0.007478,0.014956,-0.014956,0.007478,-0.014956,-0.007478,0.007478,0.014956,-0.007478,-0.014956,-0.007478,-0.014956,0.007478,0.014956,0.000000,-0.014956
2023-06-22,0.000000,0.000000,0.000000,0.000000,0.000000,0.000000,0.000000,0.000000,0.000000,0.000000,0.000000,0.000000,0.000000,0.000000,0.000000,0.000000,0.000000
2023-06-23,-0.039142,0.000669,0.001339,-0.001339,0.000669,-0.001339,-0.000669,0.000669,0.001339,-0.000669,-0.001339,-0.000669,-0.001339,0.000669,0.001339,0.000000,-0.001339
2023-06-24,0.000000,0.000000,0.000000,0.000000,0.000000,0.000000,0.000000,0.000000,0.000000,0.000000,0.000000,0.000000,0.000000,0.000000,0.000000,0.000000,0.000000
2023-06-25,0.073944,-0.019983,-0.039967,0.039967,-0.019983,0.039967,0.019983,-0.019983,-0.039967,0.019983,0.039967,0.019983,0.039967,-0.019983,-0.039967,0.019983,0.039967
2023-06-26,0.000000,0.000000,0.000000,0.000000,0.000000,0.000000,0.000000,0.000000,0.000000,0.000000,0.000000,0.000000,0.000000,0.000000,0.000000,0.000000,0.000000
2023-06-27,0.000000,0.000000,0.000000,0.000000,0.000000,0.000000,0.000000,0.000000,0.000000,0.000000,0.000000,0.000000,0.000000,0.000000,0.000000,0.000000,0.000000
2023-06-28,-0.001522,0.004392,0.008785,-0.008785,0.004392,-0.008785,-0.004392,0.004392,0.008785,-0.008785,-0.008785,-0.004392,-0.008785,0.004392,0.008785,-0.004392,-0.008785
2023-06-29,0.000000,0.000000,0.000000,0.000000,0.000000,0.000000,0.000000,0.000000,0.000000,0.000000,0.000000,0.000000,0.000000,0.000000,0.000000,0.000000,0.000000
2023-06-30,0.038074,-0.013994,-0.027988,0.027988,-0.013994,0.027988,0.013994,-0.013994,-0.027988,0.027988,0.027988,0.013994,0.027988,-0.013994,-0.027988,0.013994,0.027988
2023-07-01,0.000000,0.000000,0.000000,0.000000,0.000000,0.000000,0.000000,0.000000,0.000000,0.000000,0.000000,0.000000,0.000000,0.000000,0.000000,0.000000,0.000000
2023-07-02,-0.010707,0.003625,0.000000,-0.003625,0.001812,-0.003625,-0.001812,0.001812,0.003625,-0.003625,0.000000,-0.001812,-0.001812,0.001812,0.003625,-0.001812,-0.003625
2023-07-03,0.000000,0.000000,0.000000,0.000000,0.000000,0.000000,0.000000,0.000000,0.000000,0.000000,0.000000,0.000000,0.000000,0.000000,0.000000,0.000000,0.000000
2023-07-04,0.000000,0.000000,0.000000,0.000000,0.000000,0.000000,0.000000,0.000000,0.000000,0.000000,0.000000,0.000000,0.000000,0.000000,0.000000,0.000000,0.000000
2023-07-05,-0.003194,-0.000709,0.011187,0.000709,-0.000355,0.000709,0.000355,-0.000355,-0.000709,0.000709,-0.011187,0.000355,0.000355,0.011187,-0.000355,0.000355,0.000709
2023-07-06,0.000000,0.000000,0.000000,0.000000,0.000000,0.000000,0.000000,0.000000,0.000000,0.000000,0.000000,0.000000,0.000000,0.000000,0.000000,0.000000,0.000000
2023-07-07,0.007414,-0.007414,0.004965,0.007414,-0.003707,0.007414,0.003707,-0.007414,-0.007414,0.007414,0.003707,0.003707,0.007414,0.004965,-0.003707,0.003707,0.007414
2023-07-08,0.000000,0.000000,0.000000,0.000000,0.000000,0.000000,0.000000,0.000000,0.000000,0.000000,0.000000,0.000000,0.000000,0.000000,0.000000,0.000000,0.000000
2023-07-09,0.010185,-0.010579,0.014136,0.010579,-0.005290,0.010579,0.005290,-0.010579,-0.010579,0.010579,0.005290,0.005290,0.010579,0.014136,-0.005290,0.005290,0.010579
2023-07-10,0.000000,0.000000,0.000000,0.000000,0.000000,0.000000,0.000000,0.000000,0.000000,0.000000,0.000000,0.000000,0.000000,0.000000,0.000000,0.000000,0.000000
2023-07-11,0.000000,0.000000,0.000000,0.000000,0.000000,0.000000,0.000000,0.000000,0.000000,0.000000,0.000000,0.000000,0.000000,0.000000,0.000000,0.000000,0.000000
2023-07-12,-0.022915,0.022915,0.011458,-0.022915,0.011458,-0.022915,-0.011458,0.022915,0.022915,-0.022915,-0.011458,-0.011458,-0.022915,0.011458,0.022915,0.011458,0.011458
2023-07-13,0.000000,0.000000,0.000000,0.000000,0.000000,0.000000,0.000000,0.000000,0.000000,0.000000,0.000000,0.000000,0.000000,0.000000,0.000000,0.000000,0.000000
2023-07-14,-0.005800,0.005800,0.002900,-0.005800,0.002900,-0.005800,-0.002900,0.005800,0.005800,-0.005800,-0.002900,-0.002900,-0.005800,0.002900,0.005800,-0.001565,-0.001565
2023-07-15,0.000000,0.000000,0.000000,0.000000,0.000000,0.000000,0.000000,0.000000,0.000000,0.000000,0.000000,0.000000,0.000000,0.000000,0.000000,0.000000,0.000000
2023-07-16,-0.035645,0.035645,0.017822,-0.035645,0.017822,-0.035645,-0.017822,0.035645,0.035645,-0.035645,-0.017822,-0.017822,-0.035645,0.017822,0.035645,0.022278,0.022278
2023-07-17,0.000000,0.000000,0.000000,0.000000,0.000000,0.000000,0.000000,0.000000,0.000000,0.000000,0.000000,0.000000,0.000000,0.000000,0.000000,0.000000,0.000000
2023-07-18,0.000000,0.000000,0.000000,0.000000,0.000000,0.000000,0.000000,0.000000,0.000000,0.000000,0.000000,0.000000,0.000000,0.000000,0.000000,0.000000,0.000000
2023-07-19,0.001813,-0.001813,-0.000907,0.001813,-0.000907,0.001813,0.000907,-0.001813,-0.001813,0.001813,0.000907,0.000907,0.001813,0.001133,-0.001813,-0.001133,-0.001133
2023-07-20,0.000000,0.000000,0.000000,0.000000,0.000000,0.000000,0.000000,0.000000,0.000000,0.000000,0.000000,0.000000,0.000000,0.000000,0.000000,0.000000,0.000000
2023-07-21,-0.010692,0.009628,0.004814,-0.009628,0.004814,-0.009628,-0.004814,0.004814,0.009628,-0.004814,-0.004814,-0.004814,-0.009628,0.000000,0.009628,0.000000,0.000000
2023-07-22,0.000000,0.000000,0.000000,0.000000,0.000000,0.000000,0.000000,0.000000,0.000000,0.000000,0.000000,0.000000,0.000000,0.000000,0.000000,0.000000,0.000000
2023-07-23,0.007863,-0.010060,-0.005030,0.010060,-0.005030,0.010060,0.005030,-0.005030,-0.010060,0.005030,0.005030,0.005030,0.010060,0.018384,-0.010060,-0.018384,-0.018384
2023-07-24,0.000000,0.000000,0.000000,0.000000,0.000000,0.000000,0.000000,0.000000,0.000000,0.000000,0.000000,0.000000,0.000000,0.000000,0.000000,0.000000,0.000000
2023-07-25,0.000000,0.000000,0.000000,0.000000,0.000000,0.000000,0.000000,0.000000,0.000000,0.000000,0.000000,0.000000,0.000000,0.000000,0.000000,0.000000,0.000000
2023-07-26,-0.009769,0.007928,0.003964,-0.007928,0.003964,-0.007928,-0.003964,0.003964,0.007928,-0.003964,-0.003964,-0.007928,-0.007928,0.000000,0.007928,0.000000,0.000000
2023-07-27,0.000000,0.000000,0.000000,0.000000,0.000000,0.000000,0.000000,0.000000,0.000000,0.000000,0.000000,0.000000,0.000000,0.000000,0.000000,0.000000,0.000000
2023-07-28,0.006325,-0.006325,-0.003163,0.006325,-0.003163,0.006325,0.003163,-0.003163,-0.006325,0.003163,0.003163,0.006325,0.006325,-0.006325,-0.006325,0.003163,-0.003867
2023-07-29,0.000000,0.000000,0.000000,0.000000,0.000000,0.000000,0.000000,0.000000,0.000000,0.000000,0.000000,0.000000,0.000000,0.000000,0.000000,0.000000,0.000000
2023-07-30,-0.031361,0.025347,0.012673,-0.025347,0.012673,-0.025347,-0.012673,0.012673,0.025347,-0.012673,-0.012673,-0.025347,-0.025347,0.025347,0.025347,-0.012673,0.016110
2023-07-31,0.000000,0.000000,0.000000,0.000000,0.000000,0.000000,0.000000,0.000000,0.000000,0.000000,0.000000,0.000000,0.000000,0.000000,0.000000,0.000000,0.000000
2023-08-01,0.000000,0.000000,0.000000,0.000000,0.000000,0.000000,0.000000,0.000000,0.000000,0.000000,0.000000,0.000000,0.000000,0.000000,0.000000,0.000000,0.000000
2023-08-02,0.018347,-0.018347,-0.009174,0.009174,-0.009174,0.018347,0.009174,-0.009174,-0.018347,0.009174,0.009174,0.009174,0.009174,-0.018347,-0.018347,0.009174,-0.009174
2023-08-03,0.000000,0.000000,0.000000,0.000000,0.000000,0.000000,0.000000,0.000000,0.000000,0.000000,0.000000,0.000000,0.000000,0.000000,0.000000,0.000000,0.000000
2023-08-04,0.013667,-0.013667,-0.006833,0.006833,-0.006833,0.013667,0.006833,-0.006833,-0.013667,0.006833,0.006833,0.006833,0.006833,-0.006833,-0.006833,0.006833,-0.009198
2023-08-05,0.000000,0.000000,0.000000,0.000000,0.000000,0.000000,0.000000,0.000000,0.000000,0.000000,0.000000,0.000000,0.000000,0.000000,0.000000,0.000000,0.000000
2023-08-06,0.001425,-0.001637,-0.000819,0.000819,-0.000819,0.001637,0.000819,-0.000819,-0.001637,0.000819,0.000819,-0.003997,0.000819,-0.000819,-0.000819,0.000819,-0.003997
2023-08-07,0.000000,0.000000,0.000000,0.000000,0.000000,0.000000,0.000000,0.000000,0.000000,0.000000,0.000000,0.000000,0.000000,0.000000,0.000000,0.000000,0.000000
2023-08-08,0.000000,0.000000,0.000000,0.000000,0.000000,0.000000,0.000000,0.000000,0.000000,0.000000,0.000000,0.000000,0.000000,0.000000,0.000000,0.000000,0.000000
2023-08-09,0.004794,-0.003573,-0.001787,0.001787,-0.001787,0.003573,0.001787,-0.001787,-0.003573,0.001787,0.001787,0.000886,0.001787,-0.001787,-0.001787,0.001787,0.000886
2023-08-10,0.000000,0.000000,0.000000,0.000000,0.000000,0.000000,0.000000,0.000000,0.000000,0.000000,0.000000,0.000000,0.000000,0.000000,0.000000,0.000000,0.000000
2023-08-11,0.003061,-0.003061,-0.001530,0.001530,-0.003061,0.003061,0.001530,-0.001530,-0.003061,0.001530,0.001530,0.001530,0.001530,-0.001530,-0.001530,0.001530,-0.003095
2023-08-12,0.000000,0.000000,0.000000,0.000000,0.000000,0.000000,0.000000,0.000000,0.000000,0.000000,0.000000,0.000000,0.000000,0.000000,0.000000,0.000000,0.000000
2023-08-13,-0.026810,0.026810,0.013405,-0.013405,0.026810,-0.026810,-0.013405,0.013405,0.026810,-0.013405,-0.013405,-0.013405,-0.013405,0.013405,0.013405,-0.013405,-0.013405
2023-08-14,0.000000,0.000000,0.000000,0.000000,0.000000,0.000000,0.000000,0.000000,0.000000,0.000000,0.000000,0.000000,0.000000,0.000000,0.000000,0.000000,0.000000
2023-08-15,0.000000,0.000000,0.000000,0.000000,0.000000,0.000000,0.000000,0.000000,0.000000,0.000000,0.000000,0.000000,0.000000,0.000000,0.000000,0.000000,0.000000
2023-08-16,-0.000939,0.000939,0.000469,-0.000469,0.000939,-0.000939,-0.000469,0.000469,0.000939,-0.000469,-0.000469,-0.000469,-0.000469,0.000469,0.000469,-0.000469,-0.000469
2023-08-17,0.000000,0.000000,0.000000,0.000000,0.000000,0.000000,0.000000,0.000000,0.000000,0.000000,0.000000,0.000000,0.000000,0.000000,0.000000,0.000000,0.000000
2023-08-18,-0.046235,0.046235,0.023118,-0.023118,0.046235,-0.046235,-0.023118,0.023118,0.046235,-0.023118,-0.023118,-0.023118,-0.023118,0.023118,0.023118,-0.023118,-0.023118
2023-08-19,0.000000,0.000000,0.000000,0.000000,0.000000,0.000000,0.000000,0.000000,0.000000,0.000000,0.000000,0.000000,0.000000,0.000000,0.000000,0.000000,0.000000
2023-08-20,-0.000468,0.000234,0.000234,-0.000234,0.000468,-0.000234,-0.000234,0.000234,0.000234,-0.000234,0.000234,-0.000234,-0.000234,0.000234,0.000234,0.000234,0.000234
2023-08-21,0.000000,0.000000,0.000000,0.000000,0.000000,0.000000,0.000000,0.000000,0.000000,0.000000,0.000000,0.000000,0.000000,0.000000,0.000000,0.000000,0.000000
2023-08-22,0.000000,0.000000,0.000000,0.000000,0.000000,0.000000,0.000000,0.000000,0.000000,0.000000,0.000000,0.000000,0.000000,0.000000,0.000000,0.000000,0.000000
2023-08-23,0.001314,-0.000657,-0.000657,0.000657,-0.001314,0.000657,0.000657,-0.000657,-0.000657,0.000657,-0.000493,0.000657,0.000657,-0.000657,-0.000657,-0.000493,-0.000493
2023-08-24,0.000000,0.000000,0.000000,0.000000,0.000000,0.000000,0.000000,0.000000,0.000000,0.000000,0.000000,0.000000,0.000000,0.000000,0.000000,0.000000,0.000000
2023-08-25,0.000701,-0.000350,-0.000350,0.000350,-0.000701,0.000350,0.000350,-0.000350,-0.000350,0.000350,-0.000312,-0.000312,0.000350,-0.000350,-0.000350,-0.000312,-0.000312
2023-08-26,0.000000,0.000000,0.000000,0.000000,0.000000,0.000000,0.000000,0.000000,0.000000,0.000000,0.000000,0.000000,0.000000,0.000000,0.000000,0.000000,0.000000
2023-08-27,0.000519,-0.000259,-0.000259,0.000259,-0.000519,0.000259,0.000259,-0.000259,-0.000259,0.000259,-0.000259,-0.000259,0.000259,-0.000259,-0.000259,-0.000259,-0.000259
2023-08-28,0.000000,0.000000,0.000000,0.000000,0.000000,0.000000,0.000000,0.000000,0.000000,0.000000,0.000000,0.000000,0.000000,0.000000,0.000000,0.000000,0.000000
2023-08-29,0.000000,0.000000,0.000000,0.000000,0.000000,0.000000,0.000000,0.000000,0.000000,0.000000,0.000000,0.000000,0.000000,0.000000,0.000000,0.000000,0.000000
2023-08-30,-0.011692,0.005846,0.011692,-0.005846,0.011692,-0.005846,-0.005846,0.005846,0.005846,-0.005846,0.005846,0.005846,-0.005846,0.005846,0.005846,-0.005846,-0.005846
2023-08-31,0.000000,0.000000,0.000000,0.000000,0.000000,0.000000,0.000000,0.000000,0.000000,0.000000,0.000000,0.000000,0.000000,0.000000,0.000000,0.000000,0.000000
2023-09-01,-0.011963,0.005982,0.011963,-0.005982,0.011963,-0.005982,-0.005982,0.005982,0.005982,-0.005982,0.004486,0.004486,-0.005982,0.005982,0.005982,-0.005982,-0.005982
2023-09-02,0.000000,0.000000,0.000000,0.000000,0.000000,0.000000,0.000000,0.000000,0.000000,0.000000,0.000000,0.000000,0.000000,0.000000,0.000000,0.000000,0.000000
2023-09-03,-0.027375,0.013687,0.027375,-0.013687,0.027375,-0.013687,-0.013687,0.013687,0.013687,-0.013687,0.013687,0.013687,-0.013687,0.013687,0.013687,-0.013687,-0.013687
2023-09-04,0.000000,0.000000,0.000000,0.000000,0.000000,0.000000,0.000000,0.000000,0.000000,0.000000,0.000000,0.000000,0.000000,0.000000,0.000000,0.000000,0.000000
2023-09-05,0.000000,0.000000,0.000000,0.000000,0.000000,0.000000,0.000000,0.000000,0.000000,0.000000,0.000000,0.000000,0.000000,0.000000,0.000000,0.000000,0.000000
2023-09-06,0.002119,-0.001059,-0.002119,0.001059,-0.002119,0.001059,0.001059,-0.001059,-0.001059,0.001059,-0.001059,0.001059,0.001059,-0.001059,-0.001059,0.001059,0.001059
2023-09-07,0.000000,0.000000,0.000000,0.000000,0.000000,0.000000,0.000000,0.000000,0.000000,0.000000,0.000000,0.000000,0.000000,0.000000,0.000000,0.000000,0.000000
2023-09-08,-0.017389,0.008695,0.017389,-0.008695,0.017389,-0.008695,-0.008695,0.008695,0.008695,-0.008695,0.008695,-0.008695,-0.008695,0.008695,0.008695,-0.008695,-0.008695
2023-09-09,0.000000,0.000000,0.000000,0.000000,0.000000,0.000000,0.000000,0.000000,0.000000,0.000000,0.000000,0.000000,0.000000,0.000000,0.000000,0.000000,0.000000
2023-09-10,0.003050,-0.001525,-0.001525,0.001525,-0.001525,0.001525,0.001525,-0.001525,-0.001525,0.001525,0.001525,0.001525,0.001525,-0.001525,-0.001525,0.001525,0.001525
2023-09-11,0.000000,0.000000,0.000000,0.000000,0.000000,0.000000,0.000000,0.000000,0.000000,0.000000,0.000000,0.000000,0.000000,0.000000,0.000000,0.000000,0.000000
2023-09-12,0.000000,0.000000,0.000000,0.000000,0.000000,0.000000,0.000000,0.000000,0.000000,0.000000,0.000000,0.000000,0.000000,0.000000,0.000000,0.000000,0.000000
2023-09-13,0.010190,-0.005095,-0.005095,0.005095,-0.005095,0.005095,0.005095,-0.005095,-0.005095,0.005095,0.005095,0.005095,0.005095,-0.010190,-0.005095,0.005095,0.005095
2023-09-14,0.000000,0.000000,0.000000,0.000000,0.000000,0.000000,0.000000,0.000000,0.000000,0.000000,0.000000,0.000000,0.000000,0.000000,0.000000,0.000000,0.000000
2023-09-15,-0.008249,0.004124,0.004124,-0.004124,0.004124,-0.004124,-0.004124,0.004124,0.004124,0.004124,-0.004124,-0.004124,-0.008249,0.008249,0.004124,-0.004124,-0.004124
2023-09-16,0.000000,0.000000,0.000000,0.000000,0.000000,0.000000,0.000000,0.000000,0.000000,0.000000,0.000000,0.000000,0.000000,0.000000,0.000000,0.000000,0.000000
2023-09-17,-0.000222,0.000111,0.000111,-0.000111,0.000111,-0.000111,-0.000111,0.000111,0.000111,0.000111,-0.000111,-0.000111,-0.000222,0.000222,0.000111,-0.000111,-0.000111
2023-09-18,0.000000,0.000000,0.000000,0.000000,0.000000,0.000000,0.000000,0.000000,0.000000,0.000000,0.000000,0.000000,0.000000,0.000000,0.000000,0.000000,0.000000
2023-09-19,0.000000,0.000000,0.000000,0.000000,0.000000,0.000000,0.000000,0.000000,0.000000,0.000000,0.000000,0.000000,0.000000,0.000000,0.000000,0.000000,0.000000
2023-09-20,-0.005300,0.002650,0.002650,-0.002650,0.002650,-0.002650,-0.002650,0.002650,0.005300,0.002650,-0.002650,-0.005300,-0.002650,0.005300,0.002650,-0.002650,-0.002650
2023-09-21,0.000000,0.000000,0.000000,0.000000,0.000000,0.000000,0.000000,0.000000,0.000000,0.000000,0.000000,0.000000,0.000000,0.000000,0.000000,0.000000,0.000000
2023-09-22,-0.006488,0.002719,0.002719,-0.002719,0.002719,-0.002719,-0.002719,0.002719,0.005438,0.002126,-0.002719,-0.005438,-0.002719,0.005438,0.002719,-0.002719,-0.002719
2023-09-23,0.000000,0.000000,0.000000,0.000000,0.000000,0.000000,0.000000,0.000000,0.000000,0.000000,0.000000,0.000000,0.000000,0.000000,0.000000,0.000000,0.000000
2023-09-24,-0.002691,0.001461,0.001461,-0.001461,0.001461,-0.001461,-0.001461,0.001461,0.002921,0.001109,0.001109,-0.002921,0.001109,0.002921,0.001461,-0.001461,-0.001461
2023-09-25,0.000000,0.000000,0.000000,0.000000,0.000000,0.000000,0.000000,0.000000,0.000000,0.000000,0.000000,0.000000,0.000000,0.000000,0.000000,0.000000,0.000000
2023-09-26,0.000000,0.000000,0.000000,0.000000,0.000000,0.000000,0.000000,0.000000,0.000000,0.000000,0.000000,0.000000,0.000000,0.000000,0.000000,0.000000,0.000000
2023-09-27,-0.010138,0.005069,0.005069,-0.005069,0.005069,-0.005069,-0.005069,0.005069,0.010138,0.005069,0.005069,-0.010138,0.005069,0.010138,0.005069,-0.005069,-0.005069
2023-09-28,0.000000,0.000000,0.000000,0.000000,0.000000,0.000000,0.000000,0.000000,0.000000,0.000000,0.000000,0.000000,0.000000,0.000000,0.000000,0.000000,0.000000
2023-09-29,0.001004,-0.000502,-0.000502,0.000502,-0.000502,0.000502,0.000502,-0.000502,-0.001004,0.000502,0.000502,0.001004,0.000502,-0.000502,-0.000502,0.000502,0.000502
2023-09-30,0.000000,0.000000,0.000000,0.000000,0.000000,0.000000,0.000000,0.000000,0.000000,0.000000,0.000000,0.000000,0.000000,0.000000,0.000000,0.000000,0.000000
2023-10-01,0.009046,-0.004523,-0.004523,0.004523,-0.004523,0.004523,0.004523,-0.004523,-0.009046,0.004523,0.004523,0.009046,0.004523,-0.004523,-0.004523,0.004523,0.004523
2023-10-02,0.000000,0.000000,0.000000,0.000000,0.000000,0.000000,0.000000,0.000000,0.000000,0.000000,0.000000,0.000000,0.000000,0.000000,0.000000,0.000000,0.000000
2023-10-03,0.000000,0.000000,0.000000,0.000000,0.000000,0.000000,0.000000,0.000000,0.000000,0.000000,0.000000,0.000000,0.000000,0.000000,0.000000,0.000000,0.000000
2023-10-04,-0.009595,0.004797,0.004797,-0.004797,0.004797,-0.004797,-0.004797,0.004797,0.009595,-0.004797,-0.004797,-0.004797,-0.004797,0.004797,0.004797,-0.004797,-0.004797
2023-10-05,0.000000,0.000000,0.000000,0.000000,0.000000,0.000000,0.000000,0.000000,0.000000,0.000000,0.000000,0.000000,0.000000,0.000000,0.000000,0.000000,0.000000
2023-10-06,-0.007607,0.003804,0.003804,-0.003804,0.003804,-0.003804,-0.003804,0.003804,0.007607,-0.003804,-0.003804,-0.003804,-0.003804,0.003804,0.003804,-0.003804,-0.003804
2023-10-07,0.000000,0.000000,0.000000,0.000000,0.000000,0.000000,0.000000,0.000000,0.000000,0.000000,0.000000,0.000000,0.000000,0.000000,0.000000,0.000000,0.000000
2023-10-08,0.003423,-0.001712,-0.001712,0.001712,-0.001712,0.001712,0.001712,-0.001712,-0.003423,0.001712,0.001712,0.001712,0.001712,-0.001712,-0.001712,0.001712,0.001712
2023-10-09,0.000000,0.000000,0.000000,0.000000,0.000000,0.000000,0.000000,0.000000,0.000000,0.000000,0.000000,0.000000,0.000000,0.000000,0.000000,0.000000,0.000000
2023-10-10,0.000000,0.000000,0.000000,0.000000,0.000000,0.000000,0.000000,0.000000,0.000000,0.000000,0.000000,0.000000,0.000000,0.000000,0.000000,0.000000,0.000000
2023-10-11,0.006633,-0.003316,-0.003316,0.003316,-0.003316,0.003316,0.003316,-0.003316,-0.006633,0.003316,0.003316,0.003316,0.003316,-0.003316,-0.003316,0.003316,0.003316
2023-10-12,0.000000,0.000000,0.000000,0.000000,0.000000,0.000000,0.000000,0.000000,0.000000,0.000000,0.000000,0.000000,0.000000,0.000000,0.000000,0.000000,0.000000
2023-10-13,0.002585,-0.001292,-0.001292,0.001292,-0.001292,0.001292,0.001292,-0.001292,-0.002585,0.001292,0.001292,0.001292,0.001292,-0.001292,-0.001292,0.001292,0.001292
2023-10-14,0.000000,0.000000,0.000000,0.000000,0.000000,0.000000,0.000000,0.000000,0.000000,0.000000,0.000000,0.000000,0.000000,0.000000,0.000000,0.000000,0.000000
2023-10-15,-0.001542,-0.005653,-0.005653,0.005653,-0.005653,0.005653,0.005653,-0.005653,-0.011307,0.005653,0.005653,0.005653,0.005653,-0.005653,-0.005653,0.005653,0.005653
2023-10-16,0.000000,0.000000,0.000000,0.000000,0.000000,0.000000,0.000000,0.000000,0.000000,0.000000,0.000000,0.000000,0.000000,0.000000,0.000000,0.000000,0.000000
2023-10-17,0.000000,0.000000,0.000000,0.000000,0.000000,0.000000,0.000000,0.000000,0.000000,0.000000,0.000000,0.000000,0.000000,0.000000,0.000000,0.000000,0.000000
2023-10-18,-0.040228,0.000000,0.000000,0.000000,0.000000,0.000000,0.000000,0.000000,0.000000,0.000000,0.000000,0.000000,0.000000,0.000000,0.000000,0.000000,0.000000
2023-10-19,0.000000,0.000000,0.000000,0.000000,0.000000,0.000000,0.000000,0.000000,0.000000,0.000000,0.000000,0.000000,0.000000,0.000000,0.000000,0.000000,0.000000
2023-10-20,-0.002057,0.000000,0.000000,0.000000,0.000000,0.000000,0.000000,0.000000,0.000000,0.000000,0.000000,0.000000,0.000000,0.000000,0.000000,0.000000,0.000000
2023-10-21,0.000000,0.000000,0.000000,0.000000,0.000000,0.000000,0.000000,0.000000,0.000000,0.000000,0.000000,0.000000,0.000000,0.000000,0.000000,0.000000,0.000000
2023-10-22,-0.029667,0.018299,0.018299,-0.018299,0.018299,-0.018299,-0.018299,0.018299,0.018299,-0.018299,-0.018299,-0.018299,-0.018299,0.018299,0.018299,-0.018299,-0.018299
2023-10-23,0.000000,0.000000,0.000000,0.000000,0.000000,0.000000,0.000000,0.000000,0.000000,0.000000,0.000000,0.000000,0.000000,0.000000,0.000000,0.000000,0.000000
2023-10-24,0.000000,0.000000,0.000000,0.000000,0.000000,0.000000,0.000000,0.000000,0.000000,0.000000,0.000000,0.000000,0.000000,0.000000,0.000000,0.000000,0.000000
2023-10-25,-0.001777,0.000888,0.000888,-0.000888,0.000888,-0.000888,-0.000888,0.000888,0.000888,-0.000888,-0.000888,-0.001777,-0.000888,0.000888,0.000888,-0.000888,-0.000888
2023-10-26,0.000000,0.000000,0.000000,0.000000,0.000000,0.000000,0.000000,0.000000,0.000000,0.000000,0.000000,0.000000,0.000000,0.000000,0.000000,0.000000,0.000000
2023-10-27,0.020956,-0.010478,-0.010478,0.010478,-0.010478,0.010478,0.010478,-0.010478,-0.010478,0.010478,0.010478,0.020956,0.010478,-0.010478,-0.010478,0.010478,0.010478
2023-10-28,0.000000,0.000000,0.000000,0.000000,0.000000,0.000000,0.000000,0.000000,0.000000,0.000000,0.000000,0.000000,0.000000,0.000000,0.000000,0.000000,0.000000
2023-10-29,0.008268,-0.004134,-0.004134,0.004134,-0.008268,0.004134,0.004134,-0.004134,-0.004134,0.004134,0.004134,0.008268,0.004134,-0.004134,-0.004134,0.004134,0.004134
2023-10-30,0.000000,0.000000,0.000000,0.000000,0.000000,0.000000,0.000000,0.000000,0.000000,0.000000,0.000000,0.000000,0.000000,0.000000,0.000000,0.000000,0.000000
2023-10-31,0.000000,0.000000,0.000000,0.000000,0.000000,0.000000,0.000000,0.000000,0.000000,0.000000,0.000000,0.000000,0.000000,0.000000,0.000000,0.000000,0.000000
2023-11-01,-0.024691,0.012346,0.012346,-0.012346,0.024691,-0.012346,-0.012346,0.012346,0.012346,-0.012346,-0.012346,-0.024691,-0.012346,0.012346,0.012346,-0.012346,-0.012346
2023-11-02,0.000000,0.000000,0.000000,0.000000,0.000000,0.000000,0.000000,0.000000,0.000000,0.000000,0.000000,0.000000,0.000000,0.000000,0.000000,0.000000,0.000000
2023-11-03,-0.027076,0.013538,0.013538,-0.013538,0.027076,-0.013538,-0.027076,0.013538,0.013538,-0.013538,-0.013538,-0.013538,-0.013538,0.013538,0.013538,-0.013538,-0.013538
2023-11-04,0.000000,0.000000,0.000000,0.000000,0.000000,0.000000,0.000000,0.000000,0.000000,0.000000,0.000000,0.000000,0.000000,0.000000,0.000000,0.000000,0.000000
2023-11-05,0.086270,-0.039554,-0.039554,0.039554,-0.079108,0.039554,0.079108,-0.039554,-0.039554,0.039554,0.039554,0.039554,0.039554,-0.039554,-0.039554,0.039554,0.039554
2023-11-06,0.000000,0.000000,0.000000,0.000000,0.000000,0.000000,0.000000,0.000000,0.000000,0.000000,0.000000,0.000000,0.000000,0.000000,0.000000,0.000000,0.000000
2023-11-07,0.000000,0.000000,0.000000,0.000000,0.000000,0.000000,0.000000,0.000000,0.000000,0.000000,0.000000,0.000000,0.000000,0.000000,0.000000,0.000000,0.000000
2023-11-08,-0.026478,0.013239,0.013239,-0.013239,0.026478,-0.013239,-0.026478,0.013239,0.013239,-0.013239,-0.013239,-0.026478,-0.013239,0.013239,0.013239,-0.013239,0.013239
2023-11-09,0.000000,0.000000,0.000000,0.000000,0.000000,0.000000,0.000000,0.000000,0.000000,0.000000,0.000000,0.000000,0.000000,0.000000,0.000000,0.000000,0.000000
2023-11-10,0.000678,-0.005260,-0.005260,0.005260,-0.010520,0.005260,0.010520,-0.005260,-0.005260,0.005260,0.005260,0.010520,0.005260,-0.005260,-0.005260,0.005260,-0.030542
2023-11-11,0.000000,0.000000,0.000000,0.000000,0.000000,0.000000,0.000000,0.000000,0.000000,0.000000,0.000000,0.000000,0.000000,0.000000,0.000000,0.000000,0.000000
2023-11-12,0.034707,-0.017354,-0.017354,0.017354,-0.034707,0.017354,0.034707,-0.017354,-0.017354,0.017354,0.017354,0.034707,0.017354,-0.017354,-0.017354,0.017354,-0.016701
2023-11-13,0.000000,0.000000,0.000000,0.000000,0.000000,0.000000,0.000000,0.000000,0.000000,0.000000,0.000000,0.000000,0.000000,0.000000,0.000000,0.000000,0.000000
2023-11-14,0.000000,0.000000,0.000000,0.000000,0.000000,0.000000,0.000000,0.000000,0.000000,0.000000,0.000000,0.000000,0.000000,0.000000,0.000000,0.000000,0.000000
2023-11-15,0.051695,-0.025848,-0.025848,0.025848,-0.051695,0.025848,0.051695,-0.025848,-0.025848,0.025848,0.051695,0.051695,0.025848,-0.025848,-0.025848,0.025848,-0.032310
2023-11-16,0.000000,0.000000,0.000000,0.000000,0.000000,0.000000,0.000000,0.000000,0.000000,0.000000,0.000000,0.000000,0.000000,0.000000,0.000000,0.000000,0.000000
2023-11-17,0.038617,-0.019309,-0.019309,0.019309,-0.038617,0.019309,0.038617,-0.019309,-0.019309,0.019309,0.038617,0.038617,0.019309,-0.019309,-0.019309,0.019309,-0.019309
2023-11-18,0.000000,0.000000,0.000000,0.000000,0.000000,0.000000,0.000000,0.000000,0.000000,0.000000,0.000000,0.000000,0.000000,0.000000,0.000000,0.000000,0.000000
2023-11-19,-0.015997,0.015997,0.007999,-0.007999,0.015997,-0.007999,-0.015997,0.007999,0.007999,-0.007999,-0.007999,-0.015997,-0.007999,0.007999,0.007999,-0.007999,0.007999
2023-11-20,0.000000,0.000000,0.000000,0.000000,0.000000,0.000000,0.000000,0.000000,0.000000,0.000000,0.000000,0.000000,0.000000,0.000000,0.000000,0.000000,0.000000
2023-11-21,0.000000,0.000000,0.000000,0.000000,0.000000,0.000000,0.000000,0.000000,0.000000,0.000000,0.000000,0.000000,0.000000,0.000000,0.000000,0.000000,0.000000
2023-11-22,0.011343,-0.011343,-0.005672,0.005672,-0.011343,0.005672,0.011343,-0.005672,-0.005672,0.005672,0.005672,0.011343,0.005672,-0.005672,-0.005672,0.005672,-0.005672
2023-11-23,0.000000,0.000000,0.000000,0.000000,0.000000,0.000000,0.000000,0.000000,0.000000,0.000000,0.000000,0.000000,0.000000,0.000000,0.000000,0.000000,0.000000
2023-11-24,0.011571,-0.016305,-0.008153,0.008153,-0.016305,0.008153,0.016305,-0.008153,-0.008153,0.008153,0.008153,0.016305,0.008153,-0.016305,-0.008153,0.008153,-0.007176
2023-11-25,0.000000,0.000000,0.000000,0.000000,0.000000,0.000000,0.000000,0.000000,0.000000,0.000000,0.000000,0.000000,0.000000,0.000000,0.000000,0.000000,0.000000
2023-11-26,-0.011107,0.011107,0.005554,-0.005554,0.011107,-0.005554,-0.011107,0.005554,0.005554,-0.005554,-0.005554,-0.011107,-0.005554,0.011107,0.005554,-0.005554,0.005554
2023-11-27,0.000000,0.000000,0.000000,0.000000,0.000000,0.000000,0.000000,0.000000,0.000000,0.000000,0.000000,0.000000,0.000000,0.000000,0.000000,0.000000,0.000000
2023-11-28,0.000000,0.000000,0.000000,0.000000,0.000000,0.000000,0.000000,0.000000,0.000000,0.000000,0.000000,0.000000,0.000000,0.000000,0.000000,0.000000,0.000000
2023-11-29,-0.032290,0.032290,0.016145,-0.016145,0.016145,-0.016145,-0.032290,0.016145,0.016145,-0.016145,-0.016145,-0.016145,-0.016145,0.032290,0.016145,-0.016145,0.016145
2023-11-30,0.000000,0.000000,0.000000,0.000000,0.000000,0.000000,0.000000,0.000000,0.000000,0.000000,0.000000,0.000000,0.000000,0.000000,0.000000,0.000000,0.000000
2023-12-01,-0.022108,0.022108,0.011054,-0.011054,0.011054,-0.011054,-0.022108,0.011054,0.011054,-0.011054,-0.011054,-0.011054,-0.011054,0.022108,0.011054,-0.011054,0.011054
2023-12-02,0.000000,0.000000,0.000000,0.000000,0.000000,0.000000,0.000000,0.000000,0.000000,0.000000,0.000000,0.000000,0.000000,0.000000,0.000000,0.000000,0.000000
2023-12-03,-0.006910,0.006910,0.003455,-0.003455,0.003455,-0.003455,-0.006910,0.003455,0.006910,-0.003455,-0.003455,-0.003455,-0.006910,0.006910,0.003455,-0.003455,-0.003455
2023-12-04,0.000000,0.000000,0.000000,0.000000,0.000000,0.000000,0.000000,0.000000,0.000000,0.000000,0.000000,0.000000,0.000000,0.000000,0.000000,0.000000,0.000000
2023-12-05,0.000000,0.000000,0.000000,0.000000,0.000000,0.000000,0.000000,0.000000,0.000000,0.000000,0.000000,0.000000,0.000000,0.000000,0.000000,0.000000,0.000000
2023-12-06,0.029433,-0.029433,-0.014716,0.014716,-0.014716,0.014716,0.029433,-0.014716,-0.029433,0.014716,0.014716,0.014716,0.029433,-0.029433,-0.014716,0.014716,0.014716
2023-12-07,0.000000,0.000000,0.000000,0.000000,0.000000,0.000000,0.000000,0.000000,0.000000,0.000000,0.000000,0.000000,0.000000,0.000000,0.000000,0.000000,0.000000
2023-12-08,-0.010114,0.010114,0.010114,-0.005057,0.010114,-0.005057,-0.010114,0.005057,0.010114,-0.005057,-0.005057,-0.010114,-0.005057,0.010114,0.005057,-0.005057,-0.005057
2023-12-09,0.000000,0.000000,0.000000,0.000000,0.000000,0.000000,0.000000,0.000000,0.000000,0.000000,0.000000,0.000000,0.000000,0.000000,0.000000,0.000000,0.000000
2023-12-10,-0.031504,0.031504,0.031504,-0.015752,0.031504,-0.015752,-0.031504,0.015752,0.031504,-0.015752,-0.015752,-0.031504,-0.015752,0.015752,0.015752,-0.015752,-0.015752
2023-12-11,0.000000,0.000000,0.000000,0.000000,0.000000,0.000000,0.000000,0.000000,0.000000,0.000000,0.000000,0.000000,0.000000,0.000000,0.000000,0.000000,0.000000
2023-12-12,0.000000,0.000000,0.000000,0.000000,0.000000,0.000000,0.000000,0.000000,0.000000,0.000000,0.000000,0.000000,0.000000,0.000000,0.000000,0.000000,0.000000
2023-12-13,0.003696,-0.003696,-0.003696,0.001848,-0.003696,0.001848,0.003696,-0.001848,-0.003696,0.001848,0.001848,0.001848,0.003696,-0.001848,-0.001848,0.001848,0.001848
2023-12-14,0.000000,0.000000,0.000000,0.000000,0.000000,0.000000,0.000000,0.000000,0.000000,0.000000,0.000000,0.000000,0.000000,0.000000,0.000000,0.000000,0.000000
2023-12-15,-0.010487,0.010487,0.010487,-0.005243,0.010487,-0.005243,-0.010487,0.005243,0.010487,-0.005243,-0.005243,-0.005243,-0.010487,0.005243,0.005243,-0.005243,-0.005243
2023-12-16,0.000000,0.000000,0.000000,0.000000,0.000000,0.000000,0.000000,0.000000,0.000000,0.000000,0.000000,0.000000,0.000000,0.000000,0.000000,0.000000,0.000000
2023-12-17,-0.021932,0.021932,0.021932,-0.010966,0.021932,-0.010966,-0.021932,0.010966,0.021932,-0.010966,-0.010966,-0.010966,-0.021932,0.010966,0.010966,-0.010966,-0.010966
2023-12-18,0.000000,0.000000,0.000000,0.000000,0.000000,0.000000,0.000000,0.000000,0.000000,0.000000,0.000000,0.000000,0.000000,0.000000,0.000000,0.000000,0.000000
2023-12-19,0.000000,0.000000,0.000000,0.000000,0.000000,0.000000,0.000000,0.000000,0.000000,0.000000,0.000000,0.000000,0.000000,0.000000,0.000000,0.000000,0.000000
2023-12-20,0.060918,-0.030459,-0.060918,0.030459,-0.030459,0.030459,0.060918,-0.030459,-0.060918,0.030459,0.030459,0.030459,0.030459,-0.030459,-0.030459,0.030459,0.030459
2023-12-21,0.000000,0.000000,0.000000,0.000000,0.000000,0.000000,0.000000,0.000000,0.000000,0.000000,0.000000,0.000000,0.000000,0.000000,0.000000,0.000000,0.000000
2023-12-22,-0.010087,0.005044,0.010087,-0.005044,0.005044,-0.005044,-0.010087,0.005044,0.010087,-0.005044,-0.005044,-0.005044,-0.005044,0.005044,0.005044,-0.005044,-0.005044
2023-12-23,0.000000,0.000000,0.000000,0.000000,0.000000,0.000000,0.000000,0.000000,0.000000,0.000000,0.000000,0.000000,0.000000,0.000000,0.000000,0.000000,0.000000
2023-12-24,0.047685,-0.023842,-0.047685,0.023842,-0.023842,0.023842,0.047685,-0.023842,-0.047685,0.023842,0.023842,0.023842,0.023842,-0.023842,-0.023842,0.023842,0.023842
2023-12-25,0.000000,0.000000,0.000000,0.000000,0.000000,0.000000,0.000000,0.000000,0.000000,0.000000,0.000000,0.000000,0.000000,0.000000,0.000000,0.000000,0.000000
2023-12-26,0.000000,0.000000,0.000000,0.000000,0.000000,0.000000,0.000000,0.000000,0.000000,0.000000,0.000000,0.000000,0.000000,0.000000,0.000000,0.000000,0.000000
2023-12-27,-0.048378,0.024189,0.048378,-0.024189,0.024189,-0.024189,-0.048378,0.024189,0.048378,-0.024189,-0.024189,-0.024189,-0.024189,0.024189,0.024189,-0.024189,-0.024189
2023-12-28,0.000000,0.000000,0.000000,0.000000,0.000000,0.000000,0.000000,0.000000,0.000000,0.000000,0.000000,0.000000,0.000000,0.000000,0.000000,0.000000,0.000000
2023-12-29,-0.045076,0.014686,0.029373,-0.014686,0.014686,-0.014686,-0.029373,0.014686,0.029373,-0.014686,-0.014686,-0.014686,-0.014686,0.014686,0.014686,-0.014686,-0.014686
2023-12-30,0.000000,0.000000,0.000000,0.000000,0.000000,0.000000,0.000000,0.000000,0.000000,0.000000,0.000000,0.000000,0.000000,0.000000,0.000000,0.000000,0.000000
2023-12-31,-0.019938,0.009632,0.019265,-0.009632,0.009632,-0.009632,-0.019265,0.009632,0.019265,-0.009632,-0.009632,-0.009632,-0.009632,0.009632,0.009632,-0.009632,-0.009632
2024-01-01,0.000000,0.000000,0.000000,0.000000,0.000000,0.000000,0.000000,0.000000,0.000000,0.000000,0.000000,0.000000,0.000000,0.000000,0.000000,0.000000,0.000000
2024-01-02,0.000000,0.000000,0.000000,0.000000,0.000000,0.000000,0.000000,0.000000,0.000000,0.000000,0.000000,0.000000,0.000000,0.000000,0.000000,0.000000,0.000000
2024-01-03,-0.036078,0.000603,0.001206,-0.000603,0.000603,-0.001206,-0.001206,0.000603,0.001206,-0.001206,-0.000603,-0.000603,-0.000603,0.001206,0.001206,-0.000603,-0.000603
2024-01-04,0.000000,0.000000,0.000000,0.000000,0.000000,0.000000,0.000000,0.000000,0.000000,0.000000,0.000000,0.000000,0.000000,0.000000,0.000000,0.000000,0.000000
2024-01-05,-0.036280,-0.005589,-0.011178,0.005589,-0.005589,0.011178,0.011178,-0.005589,-0.011178,0.011178,0.005589,0.005589,0.005589,-0.011178,-0.011178,0.005589,0.005589
2024-01-06,0.000000,0.000000,0.000000,0.000000,0.000000,0.000000,0.000000,0.000000,0.000000,0.000000,0.000000,0.000000,0.000000,0.000000,0.000000,0.000000,0.000000
2024-01-07,0.021771,0.008503,0.017007,-0.008503,0.008503,-0.017007,-0.017007,0.008503,0.017007,-0.017007,-0.008503,-0.008503,-0.008503,0.017007,0.017007,-0.008503,-0.008503
2024-01-08,0.000000,0.000000,0.000000,0.000000,0.000000,0.000000,0.000000,0.000000,0.000000,0.000000,0.000000,0.000000,0.000000,0.000000,0.000000,0.000000,0.000000
2024-01-09,0.000000,0.000000,0.000000,0.000000,0.000000,0.000000,0.000000,0.000000,0.000000,0.000000,0.000000,0.000000,0.000000,0.000000,0.000000,0.000000,0.000000
2024-01-10,-0.021990,-0.005497,-0.010995,0.005497,-0.005497,0.010995,0.010995,-0.005497,-0.010995,0.010995,0.005497,0.005497,0.005497,-0.010995,-0.010995,0.005497,0.005497
2024-01-11,0.000000,0.000000,0.000000,0.000000,0.000000,0.000000,0.000000,0.000000,0.000000,0.000000,0.000000,0.000000,0.000000,0.000000,0.000000,0.000000,0.000000
2024-01-12,0.010973,-0.000155,-0.000309,0.000155,-0.000155,0.000309,0.000309,-0.000155,-0.000309,0.000309,0.000155,0.000155,0.000155,-0.000309,-0.000309,0.000155,0.000309
2024-01-13,0.000000,0.000000,0.000000,0.000000,0.000000,0.000000,0.000000,0.000000,0.000000,0.000000,0.000000,0.000000,0.000000,0.000000,0.000000,0.000000,0.000000
2024-01-14,0.022858,-0.007126,-0.014252,0.007126,-0.007126,0.014252,0.014252,-0.007126,-0.014252,0.014252,0.007126,0.007126,0.007126,-0.014252,-0.014252,0.007126,0.014252
2024-01-15,0.000000,0.000000,0.000000,0.000000,0.000000,0.000000,0.000000,0.000000,0.000000,0.000000,0.000000,0.000000,0.000000,0.000000,0.000000,0.000000,0.000000
2024-01-16,0.000000,0.000000,0.000000,0.000000,0.000000,0.000000,0.000000,0.000000,0.000000,0.000000,0.000000,0.000000,0.000000,0.000000,0.000000,0.000000,0.000000
2024-01-17,-0.008923,0.000388,0.000776,-0.000388,0.000388,-0.000776,-0.000776,0.000388,0.000776,-0.000776,-0.000776,-0.000388,-0.000388,0.000776,0.000776,-0.000388,-0.000776
2024-01-18,0.000000,0.000000,0.000000,0.000000,0.000000,0.000000,0.000000,0.000000,0.000000,0.000000,0.000000,0.000000,0.000000,0.000000,0.000000,0.000000,0.000000
2024-01-19,-0.012192,0.005676,0.011351,-0.005676,0.005676,-0.011351,-0.011351,0.005676,0.011351,-0.011351,-0.011351,-0.005676,-0.005676,0.011351,0.011351,-0.005676,-0.005676
2024-01-20,0.000000,0.000000,0.000000,0.000000,0.000000,0.000000,0.000000,0.000000,0.000000,0.000000,0.000000,0.000000,0.000000,0.000000,0.000000,0.000000,0.000000
2024-01-21,0.001420,0.003853,0.007705,-0.003853,0.003853,-0.007705,-0.007705,0.003853,0.007705,-0.007705,-0.007705,-0.003853,-0.003853,0.007705,0.007705,-0.003853,-0.003853
2024-01-22,0.000000,0.000000,0.000000,0.000000,0.000000,0.000000,0.000000,0.000000,0.000000,0.000000,0.000000,0.000000,0.000000,0.000000,0.000000,0.000000,0.000000
2024-01-23,0.000000,0.000000,0.000000,0.000000,0.000000,0.000000,0.000000,0.000000,0.000000,0.000000,0.000000,0.000000,0.000000,0.000000,0.000000,0.000000,0.000000
2024-01-24,-0.005491,0.002746,0.005491,-0.002746,0.002746,-0.005491,-0.005491,0.002746,0.005491,-0.005491,-0.002746,-0.002746,-0.005491,0.005491,0.005491,-0.002746,-0.002746
2024-01-25,0.000000,0.000000,0.000000,0.000000,0.000000,0.000000,0.000000,0.000000,0.000000,0.000000,0.000000,0.000000,0.000000,0.000000,0.000000,0.000000,0.000000
2024-01-26,0.016058,-0.004887,-0.009775,0.004887,-0.004887,0.009775,0.009775,-0.004887,-0.009775,0.009775,0.004887,0.004887,0.009775,-0.009775,-0.009775,0.004887,0.004887
2024-01-27,0.000000,0.000000,0.000000,0.000000,0.000000,0.000000,0.000000,0.000000,0.000000,0.000000,0.000000,0.000000,0.000000,0.000000,0.000000,0.000000,0.000000
2024-01-28,0.019799,-0.002496,-0.004991,0.002496,-0.002496,0.004991,0.004991,-0.002496,-0.004991,0.004991,0.002496,0.002496,0.004991,-0.004991,-0.004991,0.002496,0.004991
2024-01-29,0.000000,0.000000,0.000000,0.000000,0.000000,0.000000,0.000000,0.000000,0.000000,0.000000,0.000000,0.000000,0.000000,0.000000,0.000000,0.000000,0.000000
2024-01-30,0.000000,0.000000,0.000000,0.000000,0.000000,0.000000,0.000000,0.000000,0.000000,0.000000,0.000000,0.000000,0.000000,0.000000,0.000000,0.000000,0.000000
2024-01-31,-0.006932,0.001902,0.003805,-0.001902,0.001902,-0.003805,-0.003805,0.001902,0.003805,-0.003805,-0.001902,-0.001902,-0.003805,0.003805,0.003805,-0.001902,-0.003805
2024-02-01,0.000000,0.000000,0.000000,0.000000,0.000000,0.000000,0.000000,0.000000,0.000000,0.000000,0.000000,0.000000,0.000000,0.000000,0.000000,0.000000,0.000000
2024-02-02,0.006353,-0.006083,-0.012166,0.006083,-0.006083,0.012166,0.012166,-0.006083,-0.012166,0.012166,0.012166,0.006083,0.012166,-0.012166,-0.012166,0.006083,0.012166
2024-02-03,0.000000,0.000000,0.000000,0.000000,0.000000,0.000000,0.000000,0.000000,0.000000,0.000000,0.000000,0.000000,0.000000,0.000000,0.000000,0.000000,0.000000
2024-02-04,-0.006723,0.001220,0.002440,-0.001220,0.001220,-0.002440,-0.002440,0.001220,0.002440,-0.002440,-0.002440,-0.001220,-0.002440,0.002440,0.002440,-0.001220,-0.002440
2024-02-05,0.000000,0.000000,0.000000,0.000000,0.000000,0.000000,0.000000,0.000000,0.000000,0.000000,0.000000,0.000000,0.000000,0.000000,0.000000,0.000000,0.000000
2024-02-06,0.000000,0.000000,0.000000,0.000000,0.000000,0.000000,0.000000,0.000000,0.000000,0.000000,0.000000,0.000000,0.000000,0.000000,0.000000,0.000000,0.000000
2024-02-07,0.017589,-0.008794,-0.017589,0.008794,-0.008794,0.017589,0.017589,-0.008794,-0.017589,0.017589,0.017589,0.008794,0.017589,-0.017589,-0.017589,0.008794,0.017589
2024-02-08,0.000000,0.000000,0.000000,0.000000,0.000000,0.000000,0.000000,0.000000,0.000000,0.000000,0.000000,0.000000,0.000000,0.000000,0.000000,0.000000,0.000000
2024-02-09,0.008319,-0.004160,-0.008319,0.004160,-0.004160,0.008319,0.008319,-0.004160,-0.008319,0.008319,0.008319,0.004160,0.008319,-0.008319,-0.008319,0.004160,0.008319
2024-02-10,0.000000,0.000000,0.000000,0.000000,0.000000,0.000000,0.000000,0.000000,0.000000,0.000000,0.000000,0.000000,0.000000,0.000000,0.000000,0.000000,0.000000
2024-02-11,-0.026788,0.013394,0.026788,-0.013394,0.013394,-0.026788,-0.026788,0.013394,0.026788,-0.026788,-0.013394,-0.013394,-0.026788,0.026788,0.026788,-0.013394,-0.026788
2024-02-12,0.000000,0.000000,0.000000,0.000000,0.000000,0.000000,0.000000,0.000000,0.000000,0.000000,0.000000,0.000000,0.000000,0.000000,0.000000,0.000000,0.000000
2024-02-13,0.000000,0.000000,0.000000,0.000000,0.000000,0.000000,0.000000,0.000000,0.000000,0.000000,0.000000,0.000000,0.000000,0.000000,0.000000,0.000000,0.000000
2024-02-14,0.010013,-0.005006,-0.010013,0.005006,-0.005006,0.010013,0.010013,-0.005006,-0.010013,0.010013,0.005006,0.005006,0.010013,-0.010013,-0.005006,0.005006,0.010013
2024-02-15,0.000000,0.000000,0.000000,0.000000,0.000000,0.000000,0.000000,0.000000,0.000000,0.000000,0.000000,0.000000,0.000000,0.000000,0.000000,0.000000,0.000000
2024-02-16,0.003977,-0.001988,-0.003977,0.001988,-0.003977,0.003977,0.003977,-0.001988,-0.003977,0.003977,0.001988,0.003977,0.003977,-0.003977,-0.001988,0.001988,0.003977
2024-02-17,0.000000,0.000000,0.000000,0.000000,0.000000,0.000000,0.000000,0.000000,0.000000,0.000000,0.000000,0.000000,0.000000,0.000000,0.000000,0.000000,0.000000
2024-02-18,0.001882,-0.000941,-0.001882,0.000941,-0.001882,0.001882,0.001882,-0.000941,-0.001882,0.001882,0.000941,0.001882,0.001882,-0.001882,-0.000941,0.000941,0.001882
2024-02-19,0.000000,0.000000,0.000000,0.000000,0.000000,0.000000,0.000000,0.000000,0.000000,0.000000,0.000000,0.000000,0.000000,0.000000,0.000000,0.000000,0.000000
2024-02-20,0.000000,0.000000,0.000000,0.000000,0.000000,0.000000,0.000000,0.000000,0.000000,0.000000,0.000000,0.000000,0.000000,0.000000,0.000000,0.000000,0.000000
2024-02-21,0.017606,-0.008803,-0.017606,0.008803,-0.017606,0.017606,0.017606,-0.008803,-0.017606,0.017606,0.008803,0.017606,0.017606,-0.017606,-0.008803,0.008803,0.017606
2024-02-22,0.000000,0.000000,0.000000,0.000000,0.000000,0.000000,0.000000,0.000000,0.000000,0.000000,0.000000,0.000000,0.000000,0.000000,0.000000,0.000000,0.000000
2024-02-23,-0.003252,0.001626,0.003252,-0.001626,0.003252,-0.003252,-0.003252,0.001626,0.003252,-0.003252,-0.001626,-0.003252,-0.003252,0.003252,0.001626,-0.001626,-0.003252
2024-02-24,0.000000,0.000000,0.000000,0.000000,0.000000,0.000000,0.000000,0.000000,0.000000,0.000000,0.000000,0.000000,0.000000,0.000000,0.000000,0.000000,0.000000
2024-02-25,-0.008506,0.004253,0.008506,-0.004253,0.008506,-0.008506,-0.008506,0.004253,0.008506,-0.008506,-0.004253,-0.008506,-0.008506,0.008506,0.004253,-0.004253,-0.008506
2024-02-26,0.000000,0.000000,0.000000,0.000000,0.000000,0.000000,0.000000,0.000000,0.000000,0.000000,0.000000,0.000000,0.000000,0.000000,0.000000,0.000000,0.000000
2024-02-27,0.000000,0.000000,0.000000,0.000000,0.000000,0.000000,0.000000,0.000000,0.000000,0.000000,0.000000,0.000000,0.000000,0.000000,0.000000,0.000000,0.000000
2024-02-28,0.062179,-0.031089,-0.062179,0.031089,-0.062179,0.062179,0.062179,-0.031089,-0.062179,0.031089,0.031089,0.062179,0.031089,-0.062179,-0.031089,0.031089,0.031089
2024-02-29,0.000000,0.000000,0.000000,0.000000,0.000000,0.000000,0.000000,0.000000,0.000000,0.000000,0.000000,0.000000,0.000000,0.000000,0.000000,0.000000,0.000000
2024-03-01,0.060761,-0.030380,-0.060761,0.030380,-0.060761,0.060761,0.060761,-0.030380,-0.060761,0.030380,0.030380,0.060761,0.030380,-0.060761,-0.030380,0.030380,0.030380
2024-03-02,0.000000,0.000000,0.000000,0.000000,0.000000,0.000000,0.000000,0.000000,0.000000,0.000000,0.000000,0.000000,0.000000,0.000000,0.000000,0.000000,0.000000
2024-03-03,0.016651,-0.008325,-0.016651,0.008325,-0.016651,0.016651,0.016651,-0.008325,-0.008325,0.008325,0.008325,0.016651,0.016651,-0.016651,-0.008325,0.008325,0.008325
2024-03-04,0.000000,0.000000,0.000000,0.000000,0.000000,0.000000,0.000000,0.000000,0.000000,0.000000,0.000000,0.000000,0.000000,0.000000,0.000000,0.000000,0.000000
2024-03-05,0.000000,0.000000,0.000000,0.000000,0.000000,0.000000,0.000000,0.000000,0.000000,0.000000,0.000000,0.000000,0.000000,0.000000,0.000000,0.000000,0.000000
2024-03-06,0.010925,-0.005463,-0.010925,0.005463,-0.010925,0.010925,0.010925,-0.005463,-0.005463,0.005463,0.005463,0.010925,0.010925,-0.010925,-0.005463,0.005463,0.005463
2024-03-07,0.000000,0.000000,0.000000,0.000000,0.000000,0.000000,0.000000,0.000000,0.000000,0.000000,0.000000,0.000000,0.000000,0.000000,0.000000,0.000000,0.000000
2024-03-08,-0.011394,0.005697,0.011394,-0.005697,0.011394,-0.011394,-0.011394,0.005697,0.005697,-0.005697,-0.005697,-0.005697,-0.005697,0.005697,0.005697,-0.005697,-0.005697
2024-03-09,0.000000,0.000000,0.000000,0.000000,0.000000,0.000000,0.000000,0.000000,0.000000,0.000000,0.000000,0.000000,0.000000,0.000000,0.000000,0.000000,0.000000
2024-03-10,-0.013628,0.006814,0.013628,-0.006814,0.013628,-0.013628,-0.013628,0.006814,0.006814,-0.006814,-0.006814,-0.006814,-0.006814,0.006814,0.006814,-0.006814,-0.006814
2024-03-11,0.000000,0.000000,0.000000,0.000000,0.000000,0.000000,0.000000,0.000000,0.000000,0.000000,0.000000,0.000000,0.000000,0.000000,0.000000,0.000000,0.000000
2024-03-12,0.000000,0.000000,0.000000,0.000000,0.000000,0.000000,0.000000,0.000000,0.000000,0.000000,0.000000,0.000000,0.000000,0.000000,0.000000,0.000000,0.000000
2024-03-13,-0.030435,0.015218,0.030435,-0.015218,0.030435,-0.030435,-0.030435,0.015218,0.015218,-0.015218,-0.015218,-0.015218,-0.015218,0.015218,0.015218,-0.015218,-0.015218
2024-03-14,0.000000,0.000000,0.000000,0.000000,0.000000,0.000000,0.000000,0.000000,0.000000,0.000000,0.000000,0.000000,0.000000,0.000000,0.000000,0.000000,0.000000
2024-03-15,0.031525,-0.015762,-0.031525,0.015762,-0.031525,0.031525,0.031525,-0.015762,-0.015762,0.015762,0.015762,0.015762,0.015762,-0.015762,-0.015762,0.015762,0.015762
2024-03-16,0.000000,0.000000,0.000000,0.000000,0.000000,0.000000,0.000000,0.000000,0.000000,0.000000,0.000000,0.000000,0.000000,0.000000,0.000000,0.000000,0.000000
2024-03-17,0.007363,-0.003682,-0.007363,0.003682,-0.003682,0.007363,0.007363,-0.003682,-0.003682,0.003682,0.003682,0.003682,0.003682,-0.003682,-0.003682,0.003682,0.003682
2024-03-18,0.000000,0.000000,0.000000,0.000000,0.000000,0.000000,0.000000,0.000000,0.000000,0.000000,0.000000,0.000000,0.000000,0.000000,0.000000,0.000000,0.000000
2024-03-19,0.000000,0.000000,0.000000,0.000000,0.000000,0.000000,0.000000,0.000000,0.000000,0.000000,0.000000,0.000000,0.000000,0.000000,0.000000,0.000000,0.000000
2024-03-20,0.005615,-0.002808,-0.005615,0.002808,-0.002808,0.005615,0.005615,-0.002808,-0.002808,0.002808,0.002808,0.002808,0.002808,-0.002808,-0.002808,0.002808,0.002808
2024-03-21,0.000000,0.000000,0.000000,0.000000,0.000000,0.000000,0.000000,0.000000,0.000000,0.000000,0.000000,0.000000,0.000000,0.000000,0.000000,0.000000,0.000000
2024-03-22,0.033377,-0.016689,-0.033377,0.016689,-0.016689,0.033377,0.033377,-0.016689,-0.016689,0.016689,0.016689,0.016689,0.016689,-0.016689,-0.016689,0.016689,0.016689
2024-03-23,0.000000,0.000000,0.000000,0.000000,0.000000,0.000000,0.000000,0.000000,0.000000,0.000000,0.000000,0.000000,0.000000,0.000000,0.000000,0.000000,0.000000
2024-03-24,0.034645,-0.017322,-0.034645,0.017322,-0.017322,0.034645,0.034645,-0.017322,-0.017322,0.017322,0.017322,0.017322,0.017322,-0.017322,-0.017322,0.017322,0.017322
2024-03-25,0.000000,0.000000,0.000000,0.000000,0.000000,0.000000,0.000000,0.000000,0.000000,0.000000,0.000000,0.000000,0.000000,0.000000,0.000000,0.000000,0.000000
2024-03-26,0.000000,0.000000,0.000000,0.000000,0.000000,0.000000,0.000000,0.000000,0.000000,0.000000,0.000000,0.000000,0.000000,0.000000,0.000000,0.000000,0.000000
2024-03-27,0.011793,-0.005896,-0.011793,0.005896,-0.011793,0.011793,0.011793,-0.005896,-0.005896,0.011793,0.005896,0.005896,0.005896,-0.005896,-0.005896,0.005896,0.005896
2024-03-28,0.000000,0.000000,0.000000,0.000000,0.000000,0.000000,0.000000,0.000000,0.000000,0.000000,0.000000,0.000000,0.000000,0.000000,0.000000,0.000000,0.000000
2024-03-29,0.006193,-0.003096,-0.006193,0.003096,-0.006193,0.006193,0.006193,-0.003096,-0.003096,0.006193,0.003096,0.003096,0.003096,-0.003096,-0.003096,0.003096,0.003096
2024-03-30,0.000000,0.000000,0.000000,0.000000,0.000000,0.000000,0.000000,0.000000,0.000000,0.000000,0.000000,0.000000,0.000000,0.000000,0.000000,0.000000,0.000000
2024-03-31,-0.003458,0.001729,0.003458,-0.001729,0.003458,-0.003458,-0.003458,0.001729,0.001729,-0.003458,-0.001729,-0.001729,-0.001729,0.001729,0.001729,-0.001729,-0.003458
2024-04-01,0.000000,0.000000,0.000000,0.000000,0.000000,0.000000,0.000000,0.000000,0.000000,0.000000,0.000000,0.000000,0.000000,0.000000,0.000000,0.000000,0.000000
2024-04-02,0.000000,0.000000,0.000000,0.000000,0.000000,0.000000,0.000000,0.000000,0.000000,0.000000,0.000000,0.000000,0.000000,0.000000,0.000000,0.000000,0.000000
2024-04-03,-0.009776,0.004888,0.009776,-0.004888,0.009776,-0.009776,-0.009776,0.004888,0.004888,-0.009776,-0.004888,-0.004888,-0.004888,0.004888,0.004888,-0.004888,-0.009776
2024-04-04,0.000000,0.000000,0.000000,0.000000,0.000000,0.000000,0.000000,0.000000,0.000000,0.000000,0.000000,0.000000,0.000000,0.000000,0.000000,0.000000,0.000000
2024-04-05,-0.010520,0.005260,0.010520,-0.005260,0.010520,-0.010520,-0.010520,0.005260,0.005260,-0.010520,-0.005260,-0.005260,-0.005260,0.005260,0.005260,-0.005260,-0.010520
2024-04-06,0.000000,0.000000,0.000000,0.000000,0.000000,0.000000,0.000000,0.000000,0.000000,0.000000,0.000000,0.000000,0.000000,0.000000,0.000000,0.000000,0.000000
2024-04-07,-0.008838,0.004419,0.008838,-0.004419,0.004419,-0.008838,-0.008838,0.004419,0.004419,-0.008838,-0.004419,-0.004419,-0.004419,0.004419,0.004419,-0.004419,-0.008838
2024-04-08,0.000000,0.000000,0.000000,0.000000,0.000000,0.000000,0.000000,0.000000,0.000000,0.000000,0.000000,0.000000,0.000000,0.000000,0.000000,0.000000,0.000000
2024-04-09,0.000000,0.000000,0.000000,0.000000,0.000000,0.000000,0.000000,0.000000,0.000000,0.000000,0.000000,0.000000,0.000000,0.000000,0.000000,0.000000,0.000000
2024-04-10,0.031456,-0.015728,-0.031456,0.015728,-0.015728,0.031456,0.031456,-0.015728,-0.015728,0.031456,0.015728,0.015728,0.015728,-0.015728,-0.015728,0.015728,0.031456
2024-04-11,0.000000,0.000000,0.000000,0.000000,0.000000,0.000000,0.000000,0.000000,0.000000,0.000000,0.000000,0.000000,0.000000,0.000000,0.000000,0.000000,0.000000
2024-04-12,-0.005863,0.002931,0.005863,-0.002931,0.002931,-0.005863,-0.005863,0.002931,0.002931,-0.005863,-0.002931,-0.002931,-0.002931,0.002931,0.002931,-0.002931,-0.005863
2024-04-13,0.000000,0.000000,0.000000,0.000000,0.000000,0.000000,0.000000,0.000000,0.000000,0.000000,0.000000,0.000000,0.000000,0.000000,0.000000,0.000000,0.000000
2024-04-14,-0.027713,0.013857,0.027713,-0.013857,0.013857,-0.027713,-0.027713,0.013857,0.013857,-0.027713,-0.013857,-0.013857,-0.013857,0.013857,0.013857,-0.013857,-0.027713
2024-04-15,0.000000,0.000000,0.000000,0.000000,0.000000,0.000000,0.000000,0.000000,0.000000,0.000000,0.000000,0.000000,0.000000,0.000000,0.000000,0.000000,0.000000
2024-04-16,0.000000,0.000000,0.000000,0.000000,0.000000,0.000000,0.000000,0.000000,0.000000,0.000000,0.000000,0.000000,0.000000,0.000000,0.000000,0.000000,0.000000
2024-04-17,-0.013204,0.006602,0.013204,-0.006602,0.006602,-0.013204,-0.013204,0.006602,0.006602,-0.013204,-0.006602,-0.006602,-0.006602,0.006602,0.006602,-0.006602,-0.013204
2024-04-18,0.000000,0.000000,0.000000,0.000000,0.000000,0.000000,0.000000,0.000000,0.000000,0.000000,0.000000,0.000000,0.000000,0.000000,0.000000,0.000000,0.000000
2024-04-19,-0.023151,0.011576,0.023151,-0.011576,0.011576,-0.023151,-0.023151,0.011576,0.011576,-0.023151,-0.011576,-0.011576,-0.011576,0.011576,0.011576,-0.011576,-0.023151
2024-04-20,0.000000,0.000000,0.000000,0.000000,0.000000,0.000000,0.000000,0.000000,0.000000,0.000000,0.000000,0.000000,0.000000,0.000000,0.000000,0.000000,0.000000
2024-04-21,0.022749,-0.011374,-0.022749,0.011374,-0.011374,0.022749,0.022749,-0.011374,-0.011374,0.022749,0.011374,0.011374,0.022749,-0.011374,-0.011374,0.011374,0.022749
2024-04-22,0.000000,0.000000,0.000000,0.000000,0.000000,0.000000,0.000000,0.000000,0.000000,0.000000,0.000000,0.000000,0.000000,0.000000,0.000000,0.000000,0.000000
2024-04-23,0.000000,0.000000,0.000000,0.000000,0.000000,0.000000,0.000000,0.000000,0.000000,0.000000,0.000000,0.000000,0.000000,0.000000,0.000000,0.000000,0.000000
2024-04-24,-0.019719,0.009860,0.019719,-0.009860,0.009860,-0.019719,-0.019719,0.009860,0.009860,-0.019719,-0.009860,-0.009860,-0.019719,0.009860,0.009860,-0.009860,-0.019719
2024-04-25,0.000000,0.000000,0.000000,0.000000,0.000000,0.000000,0.000000,0.000000,0.000000,0.000000,0.000000,0.000000,0.000000,0.000000,0.000000,0.000000,0.000000
2024-04-26,0.030349,-0.015175,-0.030349,0.015175,-0.015175,0.030349,0.030349,-0.015175,-0.015175,0.030349,0.015175,0.015175,0.015175,-0.015175,-0.015175,0.015175,0.030349
2024-04-27,0.000000,0.000000,0.000000,0.000000,0.000000,0.000000,0.000000,0.000000,0.000000,0.000000,0.000000,0.000000,0.000000,0.000000,0.000000,0.000000,0.000000
2024-04-28,0.020113,-0.013949,-0.027898,0.013949,-0.013949,0.027898,0.027898,-0.013949,-0.013949,0.027898,0.013949,0.013949,0.013949,-0.013949,-0.013949,0.013949,0.027898
2024-04-29,0.000000,0.000000,0.000000,0.000000,0.000000,0.000000,0.000000,0.000000,0.000000,0.000000,0.000000,0.000000,0.000000,0.000000,0.000000,0.000000,0.000000
2024-04-30,0.000000,0.000000,0.000000,0.000000,0.000000,0.000000,0.000000,0.000000,0.000000,0.000000,0.000000,0.000000,0.000000,0.000000,0.000000,0.000000,0.000000
2024-05-01,-0.035592,0.017796,0.035592,-0.017796,0.017796,-0.035592,-0.035592,0.017796,0.017796,-0.035592,-0.017796,-0.017796,-0.035592,0.017796,0.017796,-0.017796,-0.035592
2024-05-02,0.000000,0.000000,0.000000,0.000000,0.000000,0.000000,0.000000,0.000000,0.000000,0.000000,0.000000,0.000000,0.000000,0.000000,0.000000,0.000000,0.000000
2024-05-03,0.009639,-0.004820,-0.009639,0.004820,-0.004820,0.009639,0.009639,-0.004820,-0.004820,0.009639,0.004820,0.004820,0.009639,-0.004820,-0.004820,0.004820,0.009639
2024-05-04,0.000000,0.000000,0.000000,0.000000,0.000000,0.000000,0.000000,0.000000,0.000000,0.000000,0.000000,0.000000,0.000000,0.000000,0.000000,0.000000,0.000000
2024-05-05,-0.021958,0.010979,0.021958,-0.010979,0.010979,-0.021958,-0.021958,0.010979,0.010979,-0.021958,-0.010979,-0.010979,-0.021958,0.010979,0.010979,-0.010979,-0.021958
2024-05-06,0.000000,0.000000,0.000000,0.000000,0.000000,0.000000,0.000000,0.000000,0.000000,0.000000,0.000000,0.000000,0.000000,0.000000,0.000000,0.000000,0.000000
2024-05-07,0.000000,0.000000,0.000000,0.000000,0.000000,0.000000,0.000000,0.000000,0.000000,0.000000,0.000000,0.000000,0.000000,0.000000,0.000000,0.000000,0.000000
2024-05-08,0.014625,-0.007313,-0.014625,0.007313,-0.007313,0.014625,0.014625,-0.007313,-0.007313,0.014625,0.007313,0.007313,0.014625,-0.007313,-0.007313,0.007313,0.014625
2024-05-09,0.000000,0.000000,0.000000,0.000000,0.000000,0.000000,0.000000,0.000000,0.000000,0.000000,0.000000,0.000000,0.000000,0.000000,0.000000,0.000000,0.000000
2024-05-10,0.008117,-0.004059,-0.008117,0.004059,-0.004059,0.008117,0.008117,-0.004059,-0.004059,0.008117,0.004059,0.004059,0.008117,-0.004059,-0.004059,0.004059,0.008117
2024-05-11,0.000000,0.000000,0.000000,0.000000,0.000000,0.000000,0.000000,0.000000,0.000000,0.000000,0.000000,0.000000,0.000000,0.000000,0.000000,0.000000,0.000000
2024-05-12,0.007237,-0.001249,-0.002498,0.001249,-0.001249,0.002498,0.002498,-0.001249,-0.001249,0.002498,0.001249,0.001249,0.001249,-0.001249,-0.001249,0.001249,0.002498
2024-05-13,0.000000,0.000000,0.000000,0.000000,0.000000,0.000000,0.000000,0.000000,0.000000,0.000000,0.000000,0.000000,0.000000,0.000000,0.000000,0.000000,0.000000
2024-05-14,0.000000,0.000000,0.000000,0.000000,0.000000,0.000000,0.000000,0.000000,0.000000,0.000000,0.000000,0.000000,0.000000,0.000000,0.000000,0.000000,0.000000
2024-05-15,-0.010779,0.005389,0.010779,-0.005389,0.005389,-0.010779,-0.010779,0.005389,0.005389,-0.010779,-0.005389,-0.005389,-0.005389,0.005389,0.005389,-0.005389,-0.010779
2024-05-16,0.000000,0.000000,0.000000,0.000000,0.000000,0.000000,0.000000,0.000000,0.000000,0.000000,0.000000,0.000000,0.000000,0.000000,0.000000,0.000000,0.000000
2024-05-17,-0.021519,0.002772,0.005544,-0.002772,0.002772,-0.005544,-0.005544,0.002772,0.002772,-0.005544,-0.002772,-0.002772,-0.002772,0.002772,0.002772,-0.002772,-0.005544
2024-05-18,0.000000,0.000000,0.000000,0.000000,0.000000,0.000000,0.000000,0.000000,0.000000,0.000000,0.000000,0.000000,0.000000,0.000000,0.000000,0.000000,0.000000
2024-05-19,0.001725,-0.000863,-0.001725,0.000863,-0.000863,0.001725,0.001725,-0.000863,-0.000863,0.001725,0.000863,0.000863,0.000863,-0.000863,-0.000863,0.000863,0.001725
2024-05-20,0.000000,0.000000,0.000000,0.000000,0.000000,0.000000,0.000000,0.000000,0.000000,0.000000,0.000000,0.000000,0.000000,0.000000,0.000000,0.000000,0.000000
2024-05-21,0.000000,0.000000,0.000000,0.000000,0.000000,0.000000,0.000000,0.000000,0.000000,0.000000,0.000000,0.000000,0.000000,0.000000,0.000000,0.000000,0.000000
2024-05-22,-0.026152,0.013076,0.026152,-0.013076,0.013076,-0.026152,-0.026152,0.013076,0.013076,-0.026152,-0.013076,-0.013076,-0.026152,0.013076,0.013076,-0.013076,-0.026152
2024-05-23,0.000000,0.000000,0.000000,0.000000,0.000000,0.000000,0.000000,0.000000,0.000000,0.000000,0.000000,0.000000,0.000000,0.000000,0.000000,0.000000,0.000000
2024-05-24,-0.025830,0.012915,0.025830,-0.012915,0.012915,-0.025830,-0.025830,0.012915,0.012915,-0.025830,-0.012915,-0.012915,-0.025830,0.012915,0.012915,-0.012915,-0.025830
2024-05-25,0.000000,0.000000,0.000000,0.000000,0.000000,0.000000,0.000000,0.000000,0.000000,0.000000,0.000000,0.000000,0.000000,0.000000,0.000000,0.000000,0.000000
2024-05-26,-0.007833,0.003917,0.007833,-0.003917,0.003917,-0.007833,-0.007833,0.003917,0.003917,-0.007833,-0.003917,-0.003917,-0.007833,0.003917,0.003917,-0.003917,-0.007833
2024-05-27,0.000000,0.000000,0.000000,0.000000,0.000000,0.000000,0.000000,0.000000,0.000000,0.000000,0.000000,0.000000,0.000000,0.000000,0.000000,0.000000,0.000000
2024-05-28,0.000000,0.000000,0.000000,0.000000,0.000000,0.000000,0.000000,0.000000,0.000000,0.000000,0.000000,0.000000,0.000000,0.000000,0.000000,0.000000,0.000000
2024-05-29,-0.007128,0.003564,0.007128,-0.003564,0.003564,-0.007128,-0.007128,0.003564,0.003564,-0.007128,-0.003564,-0.003564,-0.007128,0.003564,0.003564,-0.003564,-0.007128
2024-05-30,0.000000,0.000000,0.000000,0.000000,0.000000,0.000000,0.000000,0.000000,0.000000,0.000000,0.000000,0.000000,0.000000,0.000000,0.000000,0.000000,0.000000
2024-05-31,-0.024576,0.012288,0.024576,-0.012288,0.012288,-0.024576,-0.024576,0.012288,0.012288,-0.024576,-0.012288,-0.012288,-0.024576,0.012288,0.012288,-0.012288,-0.024576
2024-06-01,0.000000,0.000000,0.000000,0.000000,0.000000,0.000000,0.000000,0.000000,0.000000,0.000000,0.000000,0.000000,0.000000,0.000000,0.000000,0.000000,0.000000
2024-06-02,-0.000723,0.000361,0.000723,-0.000361,0.000361,-0.000723,-0.000723,0.000361,0.000361,-0.000723,-0.000361,-0.000361,-0.000723,0.000361,0.000361,-0.000361,-0.000723
2024-06-03,0.000000,0.000000,0.000000,0.000000,0.000000,0.000000,0.000000,0.000000,0.000000,0.000000,0.000000,0.000000,0.000000,0.000000,0.000000,0.000000,0.000000
2024-06-04,0.000000,0.000000,0.000000,0.000000,0.000000,0.000000,0.000000,0.000000,0.000000,0.000000,0.000000,0.000000,0.000000,0.000000,0.000000,0.000000,0.000000
2024-06-05,0.024197,-0.012099,-0.024197,0.012099,-0.012099,0.024197,0.024197,-0.012099,-0.012099,0.024197,0.012099,0.012099,0.024197,-0.012099,-0.012099,0.012099,0.024197
2024-06-06,0.000000,0.000000,0.000000,0.000000,0.000000,0.000000,0.000000,0.000000,0.000000,0.000000,0.000000,0.000000,0.000000,0.000000,0.000000,0.000000,0.000000
2024-06-07,-0.013561,0.006781,0.013561,-0.006781,0.006781,-0.013561,-0.013561,0.006781,0.006781,-0.013561,-0.006781,-0.006781,-0.013561,0.006781,0.006781,-0.006781,-0.013561
2024-06-08,0.000000,0.000000,0.000000,0.000000,0.000000,0.000000,0.000000,0.000000,0.000000,0.000000,0.000000,0.000000,0.000000,0.000000,0.000000,0.000000,0.000000
2024-06-09,-0.001154,0.000577,0.001154,-0.000577,0.000577,-0.001154,-0.001154,0.000577,0.000577,-0.001154,-0.000577,-0.000577,-0.001154,0.000577,0.000577,-0.000577,-0.001154
2024-06-10,0.000000,0.000000,0.000000,0.000000,0.000000,0.000000,0.000000,0.000000,0.000000,0.000000,0.000000,0.000000,0.000000,0.000000,0.000000,0.000000,0.000000
2024-06-11,0.000000,0.000000,0.000000,0.000000,0.000000,0.000000,0.000000,0.000000,0.000000,0.000000,0.000000,0.000000,0.000000,0.000000,0.000000,0.000000,0.000000
2024-06-12,0.087001,-0.043501,-0.087001,0.043501,-0.043501,0.087001,0.087001,-0.043501,-0.043501,0.087001,0.043501,0.043501,0.087001,-0.043501,-0.043501,0.043501,0.087001
2024-06-13,0.000000,0.000000,0.000000,0.000000,0.000000,0.000000,0.000000,0.000000,0.000000,0.000000,0.000000,0.000000,0.000000,0.000000,0.000000,0.000000,0.000000
2024-06-14,0.002186,-0.001093,-0.002186,0.001093,-0.001093,0.002186,0.002186,-0.001093,-0.001093,0.002186,0.001093,0.001093,0.002186,-0.001093,-0.001093,0.001093,0.002186
2024-06-15,0.000000,0.000000,0.000000,0.000000,0.000000,0.000000,0.000000,0.000000,0.000000,0.000000,0.000000,0.000000,0.000000,0.000000,0.000000,0.000000,0.000000
2024-06-16,0.010460,-0.005230,-0.010460,0.005230,-0.005230,0.010460,0.010460,-0.005230,-0.005230,0.010460,0.005230,0.005230,0.010460,-0.005230,-0.005230,0.005230,0.010460
2024-06-17,0.000000,0.000000,0.000000,0.000000,0.000000,0.000000,0.000000,0.000000,0.000000,0.000000,0.000000,0.000000,0.000000,0.000000,0.000000,0.000000,0.000000
2024-06-18,0.000000,0.000000,0.000000,0.000000,0.000000,0.000000,0.000000,0.000000,0.000000,0.000000,0.000000,0.000000,0.000000,0.000000,0.000000,0.000000,0.000000
2024-06-19,0.028406,-0.014203,-0.028406,0.014203,-0.014203,0.028406,0.028406,-0.014203,-0.014203,0.028406,0.014203,0.014203,0.028406,-0.014203,-0.014203,0.014203,0.028406
2024-06-20,0.000000,0.000000,0.000000,0.000000,0.000000,0.000000,0.000000,0.000000,0.000000,0.000000,0.000000,0.000000,0.000000,0.000000,0.000000,0.000000,0.000000
2024-06-21,0.035045,-0.017523,-0.035045,0.017523,-0.017523,0.035045,0.035045,-0.017523,-0.017523,0.035045,0.017523,0.017523,0.035045,-0.017523,-0.017523,0.017523,0.035045
2024-06-22,0.000000,0.000000,0.000000,0.000000,0.000000,0.000000,0.000000,0.000000,0.000000,0.000000,0.000000,0.000000,0.000000,0.000000,0.000000,0.000000,0.000000
2024-06-23,-0.014468,0.007234,0.014468,-0.007234,0.007234,-0.014468,-0.014468,0.007234,0.007234,-0.014468,-0.007234,-0.007234,-0.014468,0.007234,0.007234,-0.007234,-0.014468
2024-06-24,0.000000,0.000000,0.000000,0.000000,0.000000,0.000000,0.000000,0.000000,0.000000,0.000000,0.000000,0.000000,0.000000,0.000000,0.000000,0.000000,0.000000
2024-06-25,0.000000,0.000000,0.000000,0.000000,0.000000,0.000000,0.000000,0.000000,0.000000,0.000000,0.000000,0.000000,0.000000,0.000000,0.000000,0.000000,0.000000
2024-06-26,-0.010628,0.004319,0.008637,-0.004319,0.004319,-0.008637,-0.008637,0.004319,0.004319,-0.008637,-0.004319,-0.004319,-0.008637,0.004319,0.004319,-0.004319,-0.008637
2024-06-27,0.000000,0.000000,0.000000,0.000000,0.000000,0.000000,0.000000,0.000000,0.000000,0.000000,0.000000,0.000000,0.000000,0.000000,0.000000,0.000000,0.000000
2024-06-28,-0.038781,0.014269,0.028539,-0.014269,0.014269,-0.028539,-0.028539,0.014269,0.014269,-0.028539,-0.014269,-0.014269,-0.028539,0.014269,0.014269,-0.014269,-0.028539
2024-06-29,0.000000,0.000000,0.000000,0.000000,0.000000,0.000000,0.000000,0.000000,0.000000,0.000000,0.000000,0.000000,0.000000,0.000000,0.000000,0.000000,0.000000
2024-06-30,0.029664,-0.014832,-0.029664,0.014832,-0.014832,0.029664,0.029664,-0.014832,-0.014832,0.029664,0.014832,0.014832,0.029664,-0.014832,-0.014832,0.014832,0.029664
